float_num,lon,lat,depth,fluo,chla,t_chla,peri,but,hex,zea,fuco,allo,chlb,date,diff_date,lovbio,dist,code,fluo_biased,ratio
6902742,61.7323493333333,-58.4157773333333,11.0690002441406,0.30019998550415,0.2183,0.2243,0.0039,0.0141,0.0552,0.0012,0.0701,0.0045,0.0119,2016-10-23T00:00:00Z,-2,lovapm002a,16565.2319355436,ANTA,0.6003999710083,2.6767720508617923
6902742,61.7323493333333,-58.4157773333333,20.0869998931885,0.30019998550415,0.2204,0.2273,0.0043,0.014,0.0571,0.0012,0.0722,0.0044,0.0119,2016-10-23T00:00:00Z,-2,lovapm002a,16565.2319355436,ANTA,0.6003999710083,2.6414428992886054
6902742,61.7323493333333,-58.4157773333333,29.9449996948242,0.30019998550415,0.2129,0.2199,0.0047,0.0142,0.0534,9e-4,0.0702,0.0044,0.0103,2016-10-23T00:00:00Z,-2,lovapm002a,16565.2319355436,ANTA,0.6003999710083,2.730331837236471
6902742,61.7323493333333,-58.4157773333333,39.0979995727539,0.30019998550415,0.2202,0.2271,0.0044,0.0141,0.0579,0.001,0.072,0.0044,0.0114,2016-10-23T00:00:00Z,-2,lovapm002a,16565.2319355436,ANTA,0.6003999710083,2.6437691369806253
6902742,61.7323493333333,-58.4157773333333,50.0880012512207,0.30019998550415,0.2219,0.2293,0.0048,0.0146,0.0574,0.001,0.0732,0.0045,0.0111,2016-10-23T00:00:00Z,-2,lovapm002a,16565.2319355436,ANTA,0.6003999710083,2.6184037113314433
6902742,61.7323493333333,-58.4157773333333,75.0640029907227,0.30019998550415,0.2292,0.2362,0.0041,0.0153,0.0573,0.001,0.0771,0.0044,0.0127,2016-10-23T00:00:00Z,-2,lovapm002a,16565.2319355436,ANTA,0.6003999710083,2.5419135097726504
6902742,61.7323493333333,-58.4157773333333,101.998001098633,0.30019998550415,0.2404,0.2404,0.0039,0.0178,0.0573,9e-4,0.0847,0.0046,0.0136,2016-10-23T00:00:00Z,-2,lovapm002a,16565.2319355436,ANTA,0.6003999710083,2.4975040391360235
6902742,61.7323493333333,-58.4157773333333,149.057998657227,0.140599995851517,0.1309,0.1309,0,0.0118,0.0242,6e-4,0.0459,0.0028,0.0112,2016-10-23T00:00:00Z,-2,lovapm002a,16565.2319355436,ANTA,0.281199991703034,2.1482046730560276
6902742,61.7323493333333,-58.4157773333333,200.031005859375,0.0608000010251999,0.0124,0.0124,0,0.0014,9e-4,0,0.0064,4e-4,0,2016-10-23T00:00:00Z,-2,lovapm002a,16565.2319355436,ANTA,0.1216000020503998,9.80645177825805
6902742,61.7323493333333,-58.4157773333333,249.020004272461,0.00760000012814999,0.0043,0.0043,0,0,0,0,0.0021,0,0,2016-10-23T00:00:00Z,-2,lovapm002a,16565.2319355436,ANTA,0.01520000025629998,3.5348837805348787
6902742,61.7323493333333,-58.4157773333333,499.851989746094,0.00380000006407499,0.003,0.003,0,0,0,0,0.0017,0,0,2016-10-23T00:00:00Z,-2,lovapm002a,16565.2319355436,ANTA,0.00760000012814998,2.533333376049993
6902742,61.7323493333333,-58.4157773333333,11.0690002441406,0.30019998550415,0.2183,0.2243,0.0039,0.0141,0.0552,0.0012,0.0701,0.0045,0.0119,2016-10-23T00:00:00Z,-2,lovapm002a,16565.2319355436,ANTA,0.6003999710083,2.6767720508617923
6902742,61.7323493333333,-58.4157773333333,20.0869998931885,0.30019998550415,0.2204,0.2273,0.0043,0.014,0.0571,0.0012,0.0722,0.0044,0.0119,2016-10-23T00:00:00Z,-2,lovapm002a,16565.2319355436,ANTA,0.6003999710083,2.6414428992886054
6902742,61.7323493333333,-58.4157773333333,29.9449996948242,0.30019998550415,0.2129,0.2199,0.0047,0.0142,0.0534,9e-4,0.0702,0.0044,0.0103,2016-10-23T00:00:00Z,-2,lovapm002a,16565.2319355436,ANTA,0.6003999710083,2.730331837236471
6902742,61.7323493333333,-58.4157773333333,39.0979995727539,0.30019998550415,0.2202,0.2271,0.0044,0.0141,0.0579,0.001,0.072,0.0044,0.0114,2016-10-23T00:00:00Z,-2,lovapm002a,16565.2319355436,ANTA,0.6003999710083,2.6437691369806253
6902742,61.7323493333333,-58.4157773333333,50.0880012512207,0.30019998550415,0.2219,0.2293,0.0048,0.0146,0.0574,0.001,0.0732,0.0045,0.0111,2016-10-23T00:00:00Z,-2,lovapm002a,16565.2319355436,ANTA,0.6003999710083,2.6184037113314433
6902742,61.7323493333333,-58.4157773333333,75.0640029907227,0.30019998550415,0.2292,0.2362,0.0041,0.0153,0.0573,0.001,0.0771,0.0044,0.0127,2016-10-23T00:00:00Z,-2,lovapm002a,16565.2319355436,ANTA,0.6003999710083,2.5419135097726504
6902742,61.7323493333333,-58.4157773333333,101.998001098633,0.30019998550415,0.2404,0.2404,0.0039,0.0178,0.0573,9e-4,0.0847,0.0046,0.0136,2016-10-23T00:00:00Z,-2,lovapm002a,16565.2319355436,ANTA,0.6003999710083,2.4975040391360235
6902742,61.7323493333333,-58.4157773333333,149.057998657227,0.140599995851517,0.1309,0.1309,0,0.0118,0.0242,6e-4,0.0459,0.0028,0.0112,2016-10-23T00:00:00Z,-2,lovapm002a,16565.2319355436,ANTA,0.281199991703034,2.1482046730560276
6902742,61.7323493333333,-58.4157773333333,200.031005859375,0.0608000010251999,0.0124,0.0124,0,0.0014,9e-4,0,0.0064,4e-4,0,2016-10-23T00:00:00Z,-2,lovapm002a,16565.2319355436,ANTA,0.1216000020503998,9.80645177825805
6902742,61.7323493333333,-58.4157773333333,249.020004272461,0.00760000012814999,0.0043,0.0043,0,0,0,0,0.0021,0,0,2016-10-23T00:00:00Z,-2,lovapm002a,16565.2319355436,ANTA,0.01520000025629998,3.5348837805348787
6902742,61.7323493333333,-58.4157773333333,499.851989746094,0.00380000006407499,0.003,0.003,0,0,0,0,0.0017,0,0,2016-10-23T00:00:00Z,-2,lovapm002a,16565.2319355436,ANTA,0.00760000012814998,2.533333376049993
6902743,61.5669358333333,-58.4537678333333,10.9219999313354,0.399599999189377,0.2183,0.2243,0.0039,0.0141,0.0552,0.0012,0.0701,0.0045,0.0119,2016-10-21T00:00:00Z,0,lovapm004a,6487.167591995429,ANTA,0.799199998378754,3.563085146583834
6902743,61.5669358333333,-58.4537678333333,20.0960006713867,0.349200010299683,0.2204,0.2273,0.0043,0.014,0.0571,0.0012,0.0722,0.0044,0.0119,2016-10-21T00:00:00Z,0,lovapm004a,6487.167591995429,ANTA,0.698400020599366,3.0725913796716497
6902743,61.5669358333333,-58.4537678333333,29.9549999237061,0.349200010299683,0.2129,0.2199,0.0047,0.0142,0.0534,9e-4,0.0702,0.0044,0.0103,2016-10-21T00:00:00Z,0,lovapm004a,6487.167591995429,ANTA,0.698400020599366,3.17598917962422
6902743,61.5669358333333,-58.4537678333333,74.9800033569336,0.334800004959106,0.2292,0.2362,0.0041,0.0153,0.0573,0.001,0.0771,0.0044,0.0127,2016-10-21T00:00:00Z,0,lovapm004a,6487.167591995429,ANTA,0.669600009918212,2.8348857320838783
6902743,61.5669358333333,-58.4537678333333,101.952003479004,0.421200007200241,0.2404,0.2404,0.0039,0.0178,0.0573,9e-4,0.0847,0.0046,0.0136,2016-10-21T00:00:00Z,0,lovapm004a,6487.167591995429,ANTA,0.842400014400482,3.5041597936792095
6902743,61.5669358333333,-58.4537678333333,125.976997375488,0.20160000026226,0.234,0.234,0.0025,0.0182,0.0499,9e-4,0.0819,0.0047,0.0148,2016-10-21T00:00:00Z,0,lovapm004a,6487.167591995429,ANTA,0.40320000052452,1.7230769253184615
6902743,61.5669358333333,-58.4537678333333,149.095993041992,0.151199996471405,0.1309,0.1309,0,0.0118,0.0242,6e-4,0.0459,0.0028,0.0112,2016-10-21T00:00:00Z,0,lovapm004a,6487.167591995429,ANTA,0.30239999294281,2.310160373894653
6902743,61.5669358333333,-58.4537678333333,200.102996826172,0.0432000011205673,0.0124,0.0124,0,0.0014,9e-4,0,0.0064,4e-4,0,2016-10-21T00:00:00Z,0,lovapm004a,6487.167591995429,ANTA,0.0864000022411346,6.967742116220533
6901032,7.90396166666667,43.37941,5.21999979019165,0.638750016689301,0.9132,0.9485,0.0092,0.0771,0.2627,0.0683,0.0771,0.0497,0.0909,2012-11-25T00:00:00Z,-1,lovbio001i,1946.9652768954827,WMED,1.277500033378602,1.3468635038256214
6901032,7.90396166666667,43.37941,9.5,0.638750016689301,0.9406,0.976,0.0096,0.0819,0.2718,0.0678,0.0831,0.0505,0.0965,2012-11-25T00:00:00Z,-1,lovbio001i,1946.9652768954827,WMED,1.277500033378602,1.3089139686256168
6901032,7.90396166666667,43.37941,9.60000038146973,0.638750016689301,0.9406,0.976,0.0096,0.0819,0.2718,0.0678,0.0831,0.0505,0.0965,2012-11-25T00:00:00Z,-1,lovbio001i,1946.9652768954827,WMED,1.277500033378602,1.3089139686256168
6901032,7.90396166666667,43.37941,9.80000019073486,0.638750016689301,0.9406,0.976,0.0096,0.0819,0.2718,0.0678,0.0831,0.0505,0.0965,2012-11-25T00:00:00Z,-1,lovbio001i,1946.9652768954827,WMED,1.277500033378602,1.3089139686256168
6901032,7.90396166666667,43.37941,10,0.638750016689301,0.9406,0.976,0.0096,0.0819,0.2718,0.0678,0.0831,0.0505,0.0965,2012-11-25T00:00:00Z,-1,lovbio001i,1946.9652768954827,WMED,1.277500033378602,1.3089139686256168
6901032,7.90396166666667,43.37941,19.9200000762939,0.678900003433228,0.7846,0.8437,0.0093,0.0799,0.2137,0.0545,0.098,0.0338,0.1031,2012-11-25T00:00:00Z,-1,lovbio001i,1946.9652768954827,WMED,1.357800006866456,1.6093398208681473
6901032,7.90396166666667,43.37941,30.2000007629395,0.667949974536896,0.5127,0.5515,0.0079,0.0579,0.1166,0.0297,0.0868,0.0176,0.0812,2012-11-25T00:00:00Z,-1,lovbio001i,1946.9652768954827,WMED,1.335899949073792,2.422302718175507
6901032,7.90396166666667,43.37941,38.7200012207031,0.400445550680161,0.422,0.4533,0.0073,0.0455,0.0945,0.0241,0.0706,0.0167,0.0606,2012-11-25T00:00:00Z,-1,lovbio001i,1946.9652768954827,WMED,0.800891101360322,1.766801458990342
6901032,7.90396166666667,43.37941,59.6199989318848,0.189394444227219,0.2351,0.2571,0.0043,0.029,0.0507,0.0123,0.0473,0.008,0.0332,2012-11-25T00:00:00Z,-1,lovbio001i,1946.9652768954827,WMED,0.378788888454438,1.473313451787001
6901032,7.90396166666667,43.37941,69.5199966430664,0.134976997971535,0.1682,0.2047,0.0038,0.0295,0.042,0.0124,0.0235,0.0063,0.0277,2012-11-25T00:00:00Z,-1,lovbio001i,1946.9652768954827,WMED,0.26995399594307,1.3187786807184663
6901032,7.90396166666667,43.37941,80.120002746582,0.124166361987591,0.1052,0.1329,0.0019,0.0244,0.0257,0.0065,0.0143,0.0042,0.0203,2012-11-25T00:00:00Z,-1,lovbio001i,1946.9652768954827,WMED,0.248332723975182,1.868568276713183
6901032,7.90396166666667,43.37941,149.820007324219,0.0251850001513958,0.0404,0.0404,-1,0.0102,0.0067,5e-4,0.0072,0.0022,0.0044,2012-11-25T00:00:00Z,-1,lovbio001i,1946.9652768954827,WMED,0.0503700003027916,1.2467821857126635
6901032,7.90396166666667,43.37941,199.919998168945,0.00365000008605421,0.0077,0.0077,-1,0.0015,0.001,2e-4,0.0016,6e-4,6e-4,2012-11-25T00:00:00Z,-1,lovbio001i,1946.9652768954827,WMED,0.00730000017210842,0.9480519704036908
6901521,-50.3322166666667,58.6959733333333,23.5,0.572399973869324,0.721,0.7293,0.1117,0.0506,0.1239,0.0027,0.1234,0.0117,0.0822,2013-05-15T00:00:00Z,0,lovbio011b,7914.951661771979,ARCT,1.144799947738648,1.5697243215941972
6901521,-50.3322166666667,58.6959733333333,24.3400001525879,0.603720009326935,0.721,0.7293,0.1117,0.0506,0.1239,0.0027,0.1234,0.0117,0.0822,2013-05-15T00:00:00Z,0,lovbio011b,7914.951661771979,ARCT,1.20744001865387,1.6556149988398055
6901521,-50.3322166666667,58.6959733333333,50,0.705600023269653,0.7506,0.7573,0.1238,0.0515,0.1327,0.003,0.1242,0.0123,0.0839,2013-05-15T00:00:00Z,0,lovbio011b,7914.951661771979,ARCT,1.411200046539306,1.8634623617315542
6901521,-50.3322166666667,58.6959733333333,101.139999389648,0.135072007775307,0.3698,0.3698,0.0086,0.0202,0.0617,0.0021,0.0762,0.0067,0.0609,2013-05-15T00:00:00Z,0,lovbio011b,7914.951661771979,ARCT,0.270144015550614,0.7305138332899243
6901522,-51.4341366666667,57.78071,8.69999980926514,0.671599984169006,0.7549,0.7549,0.0695,0.05,0.1139,0.0029,0.201,0.0143,0.0735,2013-05-15T00:00:00Z,-1,lovbio012b,6210.796108360132,ARCT,1.343199968338012,1.7793084757424984
6901522,-51.4341366666667,57.78071,8.80000019073486,0.671599984169006,0.7549,0.7549,0.0695,0.05,0.1139,0.0029,0.201,0.0143,0.0735,2013-05-15T00:00:00Z,-1,lovbio012b,6210.796108360132,ARCT,1.343199968338012,1.7793084757424984
6901522,-51.4341366666667,57.78071,8.89999961853027,0.671599984169006,0.7549,0.7549,0.0695,0.05,0.1139,0.0029,0.201,0.0143,0.0735,2013-05-15T00:00:00Z,-1,lovbio012b,6210.796108360132,ARCT,1.343199968338012,1.7793084757424984
6901522,-51.4341366666667,57.78071,9.02000045776367,0.671599984169006,0.7549,0.7549,0.0695,0.05,0.1139,0.0029,0.201,0.0143,0.0735,2013-05-15T00:00:00Z,-1,lovbio012b,6210.796108360132,ARCT,1.343199968338012,1.7793084757424984
6901522,-51.4341366666667,57.78071,9.19999980926514,0.671599984169006,0.7549,0.7549,0.0695,0.05,0.1139,0.0029,0.201,0.0143,0.0735,2013-05-15T00:00:00Z,-1,lovbio012b,6210.796108360132,ARCT,1.343199968338012,1.7793084757424984
6901522,-51.4341366666667,57.78071,9.34000015258789,0.671599984169006,0.7549,0.7549,0.0695,0.05,0.1139,0.0029,0.201,0.0143,0.0735,2013-05-15T00:00:00Z,-1,lovbio012b,6210.796108360132,ARCT,1.343199968338012,1.7793084757424984
6901522,-51.4341366666667,57.78071,20.5200004577637,0.671599984169006,0.7727,0.7727,0.0673,0.0424,0.1027,0.0016,0.1802,0.0111,0.0765,2013-05-15T00:00:00Z,-1,lovbio012b,6210.796108360132,ARCT,1.343199968338012,1.7383201350304283
6901522,-51.4341366666667,57.78071,28.7999992370605,0.671599984169006,0.7865,0.7865,0.0606,0.0455,0.1084,0.003,0.2021,0.0124,0.0736,2013-05-15T00:00:00Z,-1,lovbio012b,6210.796108360132,ARCT,1.343199968338012,1.70781941301718
6901522,-51.4341366666667,57.78071,39.3199996948242,0.671599984169006,0.7851,0.7851,0.053900000000000003,0.0468,0.1048,0.0035,0.2157,0.0125,0.073,2013-05-15T00:00:00Z,-1,lovbio012b,6210.796108360132,ARCT,1.343199968338012,1.71086481765127
6901522,-51.4341366666667,57.78071,48.8199996948242,0.675323009490967,0.723,0.723,0.0462,0.0438,0.096,0.0032,0.2014,0.0124,0.0669,2013-05-15T00:00:00Z,-1,lovbio012b,6210.796108360132,ARCT,1.350646018981934,1.8681134425752892
6901522,-51.4341366666667,57.78071,59.6199989318848,0.51793497800827,0.6936,0.6936,0.0414,0.0385,0.0887,0.0027,0.1815,0.0099,0.0755,2013-05-15T00:00:00Z,-1,lovbio012b,6210.796108360132,ARCT,1.03586995601654,1.493468794718195
6901522,-51.4341366666667,57.78071,78.7200012207031,0.380329996347427,0.6922,0.6922,0.037,0.043,0.0966,0.003,0.1974,0.011,0.0615,2013-05-15T00:00:00Z,-1,lovbio012b,6210.796108360132,ARCT,0.760659992694854,1.0989020408767032
6901522,-51.4341366666667,57.78071,101.220001220703,0.34256911277771,0.6731,0.6731,0.0365,0.0401,0.099,0.0038,0.1826,0.0109,0.0661,2013-05-15T00:00:00Z,-1,lovbio012b,6210.796108360132,ARCT,0.68513822555542,1.0178847504908928
6901522,-51.4341366666667,57.78071,123.720001220703,0.0905761569738388,0.5669,0.5669,0.0396,0.0279,0.0941,9e-4,0.1143,0.0065,0.0573,2013-05-15T00:00:00Z,-1,lovbio012b,6210.796108360132,ARCT,0.1811523139476776,0.31954897503559293
6901522,-51.4341366666667,57.78071,150.020004272461,0.0464392304420471,0.4564,0.4564,0.0132,0.0341,0.085,0.0034,0.1006,0.0084,0.0457,2013-05-15T00:00:00Z,-1,lovbio012b,6210.796108360132,ARCT,0.0928784608840942,0.20350232446120553
6901522,-51.4341366666667,57.78071,177.199996948242,0.0328500010073185,0.0913,0.0913,0,0.0056,0.017,7e-4,0.0193,0.0018,0.0152,2013-05-15T00:00:00Z,-1,lovbio012b,6210.796108360132,ARCT,0.065700002014637,0.7196057175754326
6901522,-51.4341366666667,57.78071,200.520004272461,0.0255500003695488,0.0359,0.0359,0,0.0027,0.0075,5e-4,0.0079,0.0013,0.006,2013-05-15T00:00:00Z,-1,lovbio012b,6210.796108360132,ARCT,0.0511000007390976,1.4233983492784847
6901522,-51.4341366666667,57.78071,201.399993896484,0.0255500003695488,0.0359,0.0359,0,0.0027,0.0075,5e-4,0.0079,0.0013,0.006,2013-05-15T00:00:00Z,-1,lovbio012b,6210.796108360132,ARCT,0.0511000007390976,1.4233983492784847
6901524,-50.35781,58.6771416666667,24.2199993133545,0.569399952888489,0.721,0.7293,0.1117,0.0506,0.1239,0.0027,0.1234,0.0117,0.0822,2013-05-15T00:00:00Z,0,lovbio014b,5348.50705902532,ARCT,1.138799905776978,1.5614971970066887
6901524,-50.35781,58.6771416666667,49.7200012207031,0.659108579158783,0.7506,0.7573,0.1238,0.0515,0.1327,0.003,0.1242,0.0123,0.0839,2013-05-15T00:00:00Z,0,lovbio014b,5348.50705902532,ARCT,1.318217158317566,1.7406802565925867
6901524,-50.35781,58.6771416666667,101.019996643066,0.446399986743927,0.3698,0.3698,0.0086,0.0202,0.0617,0.0021,0.0762,0.0067,0.0609,2013-05-15T00:00:00Z,0,lovbio014b,5348.50705902532,ARCT,0.892799973487854,2.4142779164084747
6901524,-50.35781,58.6771416666667,220.300003051758,0.0108000002801418,0.0191,0.0191,0,0.0015,0.0031,0.001,0.0046,0,0.0023,2013-05-15T00:00:00Z,0,lovbio014b,5348.50705902532,ARCT,0.0216000005602836,1.1308900816902407
6901512,4.74298833333333,41.938735,53.7200012207031,0.342900931835175,0.5322,0.5322,0,0.0206,0.0713,0.0053,0.1664,0.0098,NA,2013-04-09T00:00:00Z,0,lovbio017b,8775.615974698263,WMED,0.68580186367035,1.2886168050927282
6901512,4.74298833333333,41.938735,106.419998168945,0.31741726398468,0.4153,0.4153,0,0.0161,0.0517,0.004,0.1313,0.006,NA,2013-04-09T00:00:00Z,0,lovbio017b,8775.615974698263,WMED,0.63483452796936,1.5286167300008668
6901512,4.74298833333333,41.938735,153.419998168945,0.108769997954369,0.0877,0.0877,0,0.0044,0.0101,0.0016,0.0285,0.0013,NA,2013-04-09T00:00:00Z,0,lovbio017b,8775.615974698263,WMED,0.217539995908738,2.4805016637256325
6901512,4.74298833333333,41.938735,208.820007324219,0.0182499997317791,0.0243,0.0243,0,0.0012,0.0028,6e-4,0.0075,7e-4,NA,2013-04-09T00:00:00Z,0,lovbio017b,8775.615974698263,WMED,0.0364999994635582,1.50205759109293
6901526,-50.3579616666667,58.6709416666667,24.3199996948242,0.81360000371933,0.721,0.7293,0.1117,0.0506,0.1239,0.0027,0.1234,0.0117,0.0822,2013-05-16T00:00:00Z,-1,lovbio021c,4823.486954409617,ARCT,1.62720000743866,2.2311805943214864
6901526,-50.3579616666667,58.6709416666667,49.6199989318848,0.828720033168793,0.7506,0.7573,0.1238,0.0515,0.1327,0.003,0.1242,0.0123,0.0839,2013-05-16T00:00:00Z,-1,lovbio021c,4823.486954409617,ARCT,1.657440066337586,2.1886175443517577
6901526,-50.3579616666667,58.6709416666667,50.4199981689453,0.857360005378723,0.7506,0.7573,0.1238,0.0515,0.1327,0.003,0.1242,0.0123,0.0839,2013-05-16T00:00:00Z,-1,lovbio021c,4823.486954409617,ARCT,1.714720010757446,2.2642546028752757
6901526,-50.3579616666667,58.6709416666667,100.800003051758,0.558000028133392,0.3698,0.3698,0.0086,0.0202,0.0617,0.0021,0.0762,0.0067,0.0609,2013-05-16T00:00:00Z,-1,lovbio021c,4823.486954409617,ARCT,1.116000056266784,3.0178476372817307
6901526,-50.3579616666667,58.6709416666667,220.320007324219,0.0361799970269203,0.0191,0.0191,0,0.0015,0.0031,0.001,0.0046,0,0.0023,2013-05-16T00:00:00Z,-1,lovbio021c,4823.486954409617,ARCT,0.0723599940538406,3.788481364075424
6901480,-30.1875916666667,62.7861783333333,50.170000076293945,0.21440099179744698,0.1233,0.1233,0,0.0043,0.044,0.0177,0.0883,0.005,0.0078,2013-06-17T00:00:00Z,-1,lovbio024c,6899.241224630454,ARCT,0.42880198359489397,3.477712762326796
6901481,-30.1821916666667,62.7921783333333,49.699999999999996,0.3099508464336396,0.1233,0.1233,0,0.0043,0.044,0.0177,0.0883,0.005,0.0078,2013-06-17T00:00:00Z,-1,lovbio026c,7523.101852630371,ARCT,0.6199016928672793,5.027588749937382
6901481,-30.1821916666667,62.7921783333333,199.8200012207032,0.005760000000009317,0.0034,0.0034,0,4e-4,0.0015,0.002,0.0024,6e-4,0,2013-06-17T00:00:00Z,-1,lovbio026c,7523.101852630371,ARCT,0.011520000000018633,3.3882352941231275
6901482,-30.1830883333333,62.7881033333333,50.545000076293974,0.28108650445938127,0.1233,0.1233,0,0.0043,0.044,0.0177,0.0883,0.005,0.0078,2013-06-17T00:00:00Z,-1,lovbio027b,7211.22808893316,ARCT,0.5621730089187625,4.5593917998277576
6901482,-30.1830883333333,62.7881033333333,199.79500198364252,0.004562500165775417,0.0034,0.0034,0,4e-4,0.0015,0.002,0.0024,6e-4,0,2013-06-17T00:00:00Z,-1,lovbio027b,7211.22808893316,ARCT,0.009125000331550835,2.683823626926716
6901523,-50.3365933333333,58.62399,23.5200004577637,0.770150005817413,0.721,0.7293,0.1117,0.0506,0.1239,0.0027,0.1234,0.0117,0.0822,2013-05-15T00:00:00Z,0,lovbio028b,4906.188815250532,ARCT,1.540300011634826,2.1120252456257043
6901523,-50.3365933333333,58.62399,101.120002746582,0.504373848438263,0.3698,0.3698,0.0086,0.0202,0.0617,0.0021,0.0762,0.0067,0.0609,2013-05-15T00:00:00Z,0,lovbio028b,4906.188815250532,ARCT,1.008747696876526,2.7278196237872527
6901523,-50.3365933333333,58.62399,219.820007324219,0.0400770008563995,0.0191,0.0191,0,0.0015,0.0031,0.001,0.0046,0,0.0023,2013-05-15T00:00:00Z,0,lovbio028b,4906.188815250532,ARCT,0.080154001712799,4.196544592293142
6901527,-51.4431616666667,57.78412,9.000000190734864,0.720000028610229,0.7549,0.7549,0.0695,0.05,0.1139,0.0029,0.201,0.0143,0.0735,2013-05-15T00:00:00Z,-1,lovbio030b,6603.108519098949,ARCT,1.440000057220458,1.9075374979738482
6901527,-51.4431616666667,57.78412,20.7199993133545,0.720000028610229,0.7727,0.7727,0.0673,0.0424,0.1027,0.0016,0.1802,0.0111,0.0765,2013-05-15T00:00:00Z,-1,lovbio030b,6603.108519098949,ARCT,1.440000057220458,1.863595259765055
6901527,-51.4431616666667,57.78412,28.7999992370605,0.720000028610229,0.7865,0.7865,0.0606,0.0455,0.1084,0.003,0.2021,0.0124,0.0736,2013-05-15T00:00:00Z,-1,lovbio030b,6603.108519098949,ARCT,1.440000057220458,1.8308964491042061
6901527,-51.4431616666667,57.78412,48.6199989318848,0.644079983234406,0.723,0.723,0.0462,0.0438,0.096,0.0032,0.2014,0.0124,0.0669,2013-05-15T00:00:00Z,-1,lovbio030b,6603.108519098949,ARCT,1.288159966468812,1.7816873671767801
6901527,-51.4431616666667,57.78412,78.7200012207031,0.478720009326935,0.6922,0.6922,0.037,0.043,0.0966,0.003,0.1974,0.011,0.0615,2013-05-15T00:00:00Z,-1,lovbio030b,6603.108519098949,ARCT,0.95744001865387,1.3831840778010256
6901527,-51.4431616666667,57.78412,100.919998168945,0.360144019126892,0.6731,0.6731,0.0365,0.0401,0.099,0.0038,0.1826,0.0109,0.0661,2013-05-15T00:00:00Z,-1,lovbio030b,6603.108519098949,ARCT,0.720288038253784,1.0701055389300014
6901527,-51.4431616666667,57.78412,123.819999694824,0.0935279950499535,0.5669,0.5669,0.0396,0.0279,0.0941,9e-4,0.1143,0.0065,0.0573,2013-05-15T00:00:00Z,-1,lovbio030b,6603.108519098949,ARCT,0.187055990099907,0.329962938966144
6901527,-51.4431616666667,57.78412,149.970001220703,0.04488799907267095,0.4564,0.4564,0.0132,0.0341,0.085,0.0034,0.1006,0.0084,0.0457,2013-05-15T00:00:00Z,-1,lovbio030b,6603.108519098949,ARCT,0.0897759981453419,0.1967046409845353
6901527,-51.4431616666667,57.78412,177.119995117188,0.0250560007989407,0.0913,0.0913,0,0.0056,0.017,7e-4,0.0193,0.0018,0.0152,2013-05-15T00:00:00Z,-1,lovbio030b,6603.108519098949,ARCT,0.0501120015978814,0.5488718685419649
6901527,-51.4431616666667,57.78412,200.820007324219,0.00739636365324259,0.0359,0.0359,0,0.0027,0.0075,5e-4,0.0079,0.0013,0.006,2013-05-15T00:00:00Z,-1,lovbio030b,6603.108519098949,ARCT,0.01479272730648518,0.41205368541741444
6901489,-30.19393,62.7728616666667,199.720001220703,0.00365000008605421,0.0034,0.0034,0,4e-4,0.0015,0.002,0.0024,6e-4,0,2013-06-17T00:00:00Z,-1,lovbio031c,5858.775592206414,ARCT,0.00730000017210842,2.1470588741495353
6901525,-51.4344816666667,57.7780233333333,8.944999933242798,0.744599997997284,0.7549,0.7549,0.0695,0.05,0.1139,0.0029,0.201,0.0143,0.0735,2013-05-15T00:00:00Z,-1,lovbio032b,6340.688522120066,ARCT,1.489199995994568,1.972711612126862
6901525,-51.4344816666667,57.7780233333333,21.3199996948242,0.744599997997284,0.7727,0.7727,0.0673,0.0424,0.1027,0.0016,0.1802,0.0111,0.0765,2013-05-15T00:00:00Z,-1,lovbio032b,6340.688522120066,ARCT,1.489199995994568,1.9272680160405953
6901525,-51.4344816666667,57.7780233333333,28.6200008392334,0.744599997997284,0.7865,0.7865,0.0606,0.0455,0.1084,0.003,0.2021,0.0124,0.0736,2013-05-15T00:00:00Z,-1,lovbio032b,6340.688522120066,ARCT,1.489199995994568,1.893451997450182
6901525,-51.4344816666667,57.7780233333333,39.1199989318848,0.692496240139008,0.7851,0.7851,0.053900000000000003,0.0468,0.1048,0.0035,0.2157,0.0125,0.073,2013-05-15T00:00:00Z,-1,lovbio032b,6340.688522120066,ARCT,1.384992480278016,1.7640969052070004
6901525,-51.4344816666667,57.7780233333333,49.1199989318848,0.620135009288788,0.723,0.723,0.0462,0.0438,0.096,0.0032,0.2014,0.0124,0.0669,2013-05-15T00:00:00Z,-1,lovbio032b,6340.688522120066,ARCT,1.240270018577576,1.7154495416010733
6901525,-51.4344816666667,57.7780233333333,59.5200004577637,0.52952378988266,0.6936,0.6936,0.0414,0.0385,0.0887,0.0027,0.1815,0.0099,0.0755,2013-05-15T00:00:00Z,-1,lovbio032b,6340.688522120066,ARCT,1.05904757976532,1.5268852072741061
6901525,-51.4344816666667,57.7780233333333,101.120002746582,0.225651115179062,0.6731,0.6731,0.0365,0.0401,0.099,0.0038,0.1826,0.0109,0.0661,2013-05-15T00:00:00Z,-1,lovbio032b,6340.688522120066,ARCT,0.451302230358124,0.6704831828229445
6901525,-51.4344816666667,57.7780233333333,124.019996643066,0.0803000032901764,0.5669,0.5669,0.0396,0.0279,0.0941,9e-4,0.1143,0.0065,0.0573,2013-05-15T00:00:00Z,-1,lovbio032b,6340.688522120066,ARCT,0.1606000065803528,0.2832951253842879
6901525,-51.4344816666667,57.7780233333333,150.220001220703,0.0546769984066486,0.4564,0.4564,0.0132,0.0341,0.085,0.0034,0.1006,0.0084,0.0457,2013-05-15T00:00:00Z,-1,lovbio032b,6340.688522120066,ARCT,0.1093539968132972,0.2396012200116065
6901525,-51.4344816666667,57.7780233333333,177.320007324219,0.0329960025846958,0.0913,0.0913,0,0.0056,0.017,7e-4,0.0193,0.0018,0.0152,2013-05-15T00:00:00Z,-1,lovbio032b,6340.688522120066,ARCT,0.0659920051693916,0.7228039996647492
6901525,-51.4344816666667,57.7780233333333,201.119995117188,0.0327836386859417,0.0359,0.0359,0,0.0027,0.0075,5e-4,0.0079,0.0013,0.006,2013-05-15T00:00:00Z,-1,lovbio032b,6340.688522120066,ARCT,0.0655672773718834,1.826386556319872
6901511,4.66796666666667,42.0697566666667,20.7999992370605,0.0287999995052814,0.065,0.065,4e-4,0.0059,0.0124,0.0011,0.0104,0.0021,NA,2013-02-18T00:00:00Z,-13,lovbio035b,4216.7793523856435,WMED,0.0575999990105628,0.8861538309317354
6901511,4.66796666666667,42.0697566666667,29.3999996185303,0.0216000005602837,0.0581,0.0581,3e-4,0.0053,0.011,0.001,0.0096,0.0019,NA,2013-02-18T00:00:00Z,-13,lovbio035b,4216.7793523856435,WMED,0.0432000011205674,0.7435456303023649
6901511,4.66796666666667,42.0697566666667,48.2999992370605,0.0359999984502792,0.0687,0.0687,6e-4,0.0065,0.0131,0.0012,0.011,0.0023,NA,2013-02-18T00:00:00Z,-13,lovbio035b,4216.7793523856435,WMED,0.0719999969005584,1.0480348893822184
6901511,4.66796666666667,42.0697566666667,200.300003051758,0.0432000011205673,0.0574,0.0574,4e-4,0.0059,0.0112,0.001,0.0097,0.0016,NA,2013-02-18T00:00:00Z,-13,lovbio035b,4216.7793523856435,WMED,0.0864000022411346,1.5052265198803938
6901004,72.400995,-48.805055,5.40000009536743,2.63159990310669,0.7156,0.7156,0.0093,0.0151,0.0492,0,0.4969,0.0013,0,2015-01-24T00:00:00Z,0,lovbio037c,2339.000217578602,SANT,5.26319980621338,7.354946626905226
6901004,72.400995,-48.805055,11.8999996185303,2.63159990310669,0.8315,0.8315,0.015,0.0178,0.058,0.0013,0.5059,0.0016,0.0041,2015-01-24T00:00:00Z,0,lovbio037c,2339.000217578602,SANT,5.26319980621338,6.329765251008274
6901004,72.400995,-48.805055,31.7999992370605,2.63159990310669,0.8597,0.8597,0.0153,0.0148,0.0476,7e-4,0.4986,0.0012,0.0044,2015-01-24T00:00:00Z,0,lovbio037c,2339.000217578602,SANT,5.26319980621338,6.122135403295777
6901004,72.400995,-48.805055,41.2999992370605,2.63159990310669,0.8558,0.8558,0.0191,0.0157,0.0503,0.001,0.492,0.0013,0.0042,2015-01-24T00:00:00Z,0,lovbio037c,2339.000217578602,SANT,5.26319980621338,6.150034828480229
6901004,72.400995,-48.805055,51,2.63159990310669,0.9171,0.9171,0.0161,0.0164,0.0544,0.0011,0.5422,0.0016,0.0036,2015-01-24T00:00:00Z,0,lovbio037c,2339.000217578602,SANT,5.26319980621338,5.738959553171279
6901004,72.400995,-48.805055,76.04999923706055,2.02313995361328,1.4463,1.4463,0.0025,0.0135,0.0267,0,0.7927,0,0.006,2015-01-24T00:00:00Z,0,lovbio037c,2339.000217578602,SANT,4.04627990722656,2.7976767663877204
6901004,72.400995,-48.805055,102.099998474121,0.54720002412796,0.5756,0.5756,0,0.0073,0.0065,0,0.3478,0,0,2015-01-24T00:00:00Z,0,lovbio037c,2339.000217578602,SANT,1.09440004825592,1.901320445197915
6901004,72.400995,-48.805055,203.399993896484,0.0700363591313362,0.1159,0.1159,0,0.0023,0.0014,0,0.0591,0,0,2015-01-24T00:00:00Z,0,lovbio037c,2339.000217578602,SANT,0.1400727182626724,1.2085652999367764
6901484,-30.1743533333333,62.7956033333333,50.04000027974447,0.3439030001560848,0.1233,0.1233,0,0.0043,0.044,0.0177,0.0883,0.005,0.0078,2013-06-17T00:00:00Z,-1,lovbio040b,8074.026574398481,ARCT,0.6878060003121697,5.57831306011492
6901580,72.56412,-48.792305,5.233333269755047,1.30305004119873,0.7156,0.7156,0.0093,0.0151,0.0492,0,0.4969,0.0013,0,2015-01-26T00:00:00Z,-2,lovbio042d,14202.919315206791,SANT,2.60610008239746,3.641839131354751
6901580,72.56412,-48.792305,11.9200000762939,1.30305004119873,0.8315,0.8315,0.015,0.0178,0.058,0.0013,0.5059,0.0016,0.0041,2015-01-26T00:00:00Z,-2,lovbio042d,14202.919315206791,SANT,2.60610008239746,3.134215372696885
6901580,72.56412,-48.792305,22.4200000762939,1.30305004119873,0.811,0.811,0.0118,0.0173,0.0546,0.0011,0.4977,0.0014,0.0038,2015-01-26T00:00:00Z,-2,lovbio042d,14202.919315206791,SANT,2.60610008239746,3.213440298887127
6901580,72.56412,-48.792305,31.9200000762939,1.30305004119873,0.8597,0.8597,0.0153,0.0148,0.0476,7e-4,0.4986,0.0012,0.0044,2015-01-26T00:00:00Z,-2,lovbio042d,14202.919315206791,SANT,2.60610008239746,3.0314064003692685
6901580,72.56412,-48.792305,40.7200012207031,1.30305004119873,0.8558,0.8558,0.0191,0.0157,0.0503,0.001,0.492,0.0013,0.0042,2015-01-26T00:00:00Z,-2,lovbio042d,14202.919315206791,SANT,2.60610008239746,3.045220942273265
6901580,72.56412,-48.792305,76.0199966430664,1.53134095668793,1.4463,1.4463,0.0025,0.0135,0.0267,0,0.7927,0,0.006,2015-01-26T00:00:00Z,-2,lovbio042d,14202.919315206791,SANT,3.06268191337586,2.1175979488182675
6901580,72.56412,-48.792305,203.320007324219,0.098815456032753,0.1159,0.1159,0,0.0023,0.0014,0,0.0591,0,0,2015-01-26T00:00:00Z,-2,lovbio042d,14202.919315206791,SANT,0.197630912065506,1.705184746035427
6901574,67.5565033333333,-51.9537983333333,9.920000076293935,1.10230004787445,0.2689,0.2689,0.0029,0.0183,0.0666,0,0.0949,0.0014,0.0056,2015-01-23T00:00:00Z,-3,lovbio043b,6442.12966527965,SANT,2.2046000957489,8.19858719133098
6901574,67.5565033333333,-51.9537983333333,19.909999847412102,1.10230004787445,0.2733,0.2733,0.003,0.0197,0.071,0,0.0989,0.0015,0.0054,2015-01-23T00:00:00Z,-3,lovbio043b,6442.12966527965,SANT,2.2046000957489,8.06659383735419
6901574,67.5565033333333,-51.9537983333333,28.8199996948242,1.10230004787445,0.2827,0.2827,0.0036,0.0221,0.0811,4e-4,0.1041,0.0017,0.0057,2015-01-23T00:00:00Z,-3,lovbio043b,6442.12966527965,SANT,2.2046000957489,7.798373172086664
6901574,67.5565033333333,-51.9537983333333,39.8199996948242,1.10230004787445,0.2959,0.2959,0.0036,0.0238,0.0807,6e-4,0.1154,0.0021,0.0059,2015-01-23T00:00:00Z,-3,lovbio043b,6442.12966527965,SANT,2.2046000957489,7.450490354001014
6901574,67.5565033333333,-51.9537983333333,49.1199989318848,1.10230004787445,0.2767,0.2767,0.003,0.0233,0.0738,4e-4,0.1033,0.0019,0.0044,2015-01-23T00:00:00Z,-3,lovbio043b,6442.12966527965,SANT,2.2046000957489,7.96747414437622
6901486,-30.1766166666667,62.7901133333333,50.01999969482422,0.339303994178772,0.1233,0.1233,0,0.0043,0.044,0.0177,0.0883,0.005,0.0078,2013-06-17T00:00:00Z,-1,lovbio045b,7610.134489578789,ARCT,0.678607988357544,5.503714423013333
6901486,-30.1766166666667,62.7901133333333,199.9160034179688,0.007854800252243874,0.0034,0.0034,0,4e-4,0.0015,0.002,0.0024,6e-4,0,2013-06-17T00:00:00Z,-1,lovbio045b,7610.134489578789,ARCT,0.015709600504487747,4.620470736614044
6901581,72.0886716666667,-50.60526,6.049999952316285,2.58419990539551,1.0828,1.0828,0.0085,0.0175,0.0251,0,0.5995,9e-4,0.0026,2015-01-22T00:00:00Z,-1,lovbio050b,4114.792400005032,SANT,5.16839981079102,4.773180468037514
6901581,72.0886716666667,-50.60526,13.8400001525879,2.58419990539551,1.48,1.48,0.0128,0.0239,0.0356,0,0.8208,0.0012,0.0033,2015-01-22T00:00:00Z,-1,lovbio050b,4114.792400005032,SANT,5.16839981079102,3.4921620343182567
6901581,72.0886716666667,-50.60526,23.6399993896484,2.58419990539551,1.2222,1.2222,0.0126,0.0221,0.0345,0,0.7087,0,0.0029,2015-01-22T00:00:00Z,-1,lovbio050b,4114.792400005032,SANT,5.16839981079102,4.228767640967943
6901581,72.0886716666667,-50.60526,34.1399993896484,2.58419990539551,1.4209,1.4209,0.0129,0.0215,0.0339,0,0.7675,0.0014,0.0032,2015-01-22T00:00:00Z,-1,lovbio050b,4114.792400005032,SANT,5.16839981079102,3.637412774150904
6901581,72.0886716666667,-50.60526,42.1399993896484,2.58419990539551,1.4715,1.4715,0.0128,0.0224,0.0359,0,0.7726,0.0015,0.0034,2015-01-22T00:00:00Z,-1,lovbio050b,4114.792400005032,SANT,5.16839981079102,3.51233422411894
6901581,72.0886716666667,-50.60526,77.8399963378906,3.92481184005737,1.4267,1.4267,0.0103,0.0238,0.0362,0,0.7869,0,0.003,2015-01-22T00:00:00Z,-1,lovbio050b,4114.792400005032,SANT,7.84962368011474,5.501944122881292
6901579,67.5472216666667,-51.9987116666667,10.0200004577637,0.979200005531311,0.2689,0.2689,0.0029,0.0183,0.0666,0,0.0949,0.0014,0.0056,2015-01-21T00:00:00Z,-1,lovbio057b,3246.3034124338187,SANT,1.958400011062622,7.283004875651255
6901579,67.5472216666667,-51.9987116666667,20.1200008392334,0.979200005531311,0.2733,0.2733,0.003,0.0197,0.071,0,0.0989,0.0015,0.0054,2015-01-21T00:00:00Z,-1,lovbio057b,3246.3034124338187,SANT,1.958400011062622,7.165751961443916
6901579,67.5472216666667,-51.9987116666667,39.8199996948242,0.979200005531311,0.2959,0.2959,0.0036,0.0238,0.0807,6e-4,0.1154,0.0021,0.0059,2015-01-21T00:00:00Z,-1,lovbio057b,3246.3034124338187,SANT,1.958400011062622,6.618452217176824
6901579,67.5472216666667,-51.9987116666667,49.4199981689453,0.979200005531311,0.2767,0.2767,0.003,0.0233,0.0738,4e-4,0.1033,0.0019,0.0044,2015-01-21T00:00:00Z,-1,lovbio057b,3246.3034124338187,SANT,1.958400011062622,7.077701521729751
6901579,67.5472216666667,-51.9987116666667,74.7200012207031,0.979200005531311,0.3204,0.3204,0.002,0.0226,0.0669,0,0.1414,0.0024,0.0076,2015-01-21T00:00:00Z,-1,lovbio057b,3246.3034124338187,SANT,1.958400011062622,6.112359585089332
6901579,67.5472216666667,-51.9987116666667,199.320007324219,0.0034036363940686,0.0082,0.0082,0,7e-4,9e-4,0,0.0038,0,0,2015-01-21T00:00:00Z,-1,lovbio057b,3246.3034124338187,SANT,0.0068072727881372,0.8301552180655122
6901646,-38.8202866666667,59.56504,60,0.062049999833107,0.0814,0.0814,0,0.0048,0.0118,0.0016,0.0329,7e-4,NA,2014-06-16T00:00:00Z,-1,lovbio059c,10131.85992095978,ARCT,0.124099999666214,1.5245700204694594
6901646,-38.8202866666667,59.56504,80.0999984741211,0.0292000006884336,0.0407,0.0407,0,0.0034,0.0051,0.001,0.0144,6.000000000000001e-4,NA,2014-06-16T00:00:00Z,-1,lovbio059c,10131.85992095978,ARCT,0.0584000013768672,1.4348894687190958
6901646,-38.8202866666667,59.56504,98.8399963378906,0.00535333342850208,0.0208,0.0208,0,0.0026,0.0031,8e-4,0.0071,0,NA,2014-06-16T00:00:00Z,-1,lovbio059c,10131.85992095978,ARCT,0.01070666685700416,0.5147435988944308
6901646,-38.8202866666667,59.56504,148.039993286133,0.00875999964773655,0.0243,0.0243,0,0.0016,0.0019,7e-4,0.0119,5e-4,NA,2014-06-16T00:00:00Z,-1,lovbio059c,10131.85992095978,ARCT,0.0175199992954731,0.7209876253281111
6901646,-38.8202866666667,59.56504,197.339996337891,0.00467200018465519,0.0198,0.0198,0,9e-4,0.0012,4e-4,0.0087,7e-4,NA,2014-06-16T00:00:00Z,-1,lovbio059c,10131.85992095978,ARCT,0.00934400036931038,0.4719192105712313
6901647,-26.7159133333333,55.5292416666667,9.8050000667572,1.40890002250671,1.0462,1.0462,0.0394,0.0989,0.5113,0.011400000000000002,0.1931,0.0094,NA,2014-06-09T00:00:00Z,0,lovbio061c,1786.0516369215143,ARCT,2.81780004501342,2.693366512151998
6901647,-26.7159133333333,55.5292416666667,15.2200002670288,1.40890002250671,1.0994,1.0994,0.0402,0.101,0.53,0.0107,0.2054,0.0092,NA,2014-06-09T00:00:00Z,0,lovbio061c,1786.0516369215143,ARCT,2.81780004501342,2.563034423334019
6901647,-26.7159133333333,55.5292416666667,46.1199989318848,0.564621806144714,0.5505,0.5505,0,0.0604,0.2144,0.0027,0.1256,0.0112,NA,2014-06-09T00:00:00Z,0,lovbio061c,1786.0516369215143,ARCT,1.129243612289428,2.0513053810888793
6901647,-26.7159133333333,55.5292416666667,84.3199996948242,0.13754415512085,0.1801,0.1801,0,0.0178,0.071,0.0011,0.0586,0.0033,NA,2014-06-09T00:00:00Z,0,lovbio061c,1786.0516369215143,ARCT,0.2750883102417,1.5274198236629648
6901647,-26.7159133333333,55.5292416666667,148.720001220703,0.0035283335018903,0.037,0.037,0,0.0017,0.0076,8e-4,0.0182,0.0012,NA,2014-06-09T00:00:00Z,0,lovbio061c,1786.0516369215143,ARCT,0.0070566670037806,0.1907207298319081
6901653,4.65189,42.0278016666667,9.247368511400717,0.11752417605174205,0.0877,0.0877,0.0035,0.007,0.0214,0.0209,0.0071,0,NA,2014-07-07T00:00:00Z,0,lovbio063c,128219.54794670231,WMED,0.2350483521034841,2.680140844965611
6901653,4.65189,42.0278016666667,29.968888812594933,0.1295391768217088,0.2136,0.2354,0.006,0.0289,0.0683,0.0489,0.015,0.0012,NA,2014-07-07T00:00:00Z,0,lovbio063c,128219.54794670231,WMED,0.2590783536434176,1.1005877385021987
6901653,4.65189,42.0278016666667,54.99499893188477,0.999175637960433,1.2769,1.2769,0.0254,0.1999,0.7603,0.0758,0.0846,0.0087,NA,2014-07-07T00:00:00Z,0,lovbio063c,128219.54794670231,WMED,1.998351275920866,1.5650021739532196
6901653,4.65189,42.0278016666667,100.01999969482407,0.05499619990587234,0.0413,0.0413,0.002,0.0105,0.0104,5e-4,0.0118,0,NA,2014-07-07T00:00:00Z,0,lovbio063c,128219.54794670231,WMED,0.10999239981174468,2.663254232729895
6901496,7.91689666666667,43.358885,5.350000143051145,0.0255500003695488,0.1019,0.1019,0.0063,0.0079,0.0233,0.0143,0.005,8e-4,0.01,2013-07-16T00:00:00Z,-1,lovbio064b,1617.93520660688,WMED,0.0511000007390976,0.5014720386565025
6901496,7.91689666666667,43.358885,9.842857088361471,0.028157142922282184,0.1471,0.1471,0.0095,0.0127,0.0318,0.0181,0.0067,0.0013,0.0186,2013-07-16T00:00:00Z,-1,lovbio064b,1617.93520660688,WMED,0.05631428584456437,0.3828299513566578
6901496,7.91689666666667,43.358885,20.149999618530252,0.057617858052253695,0.1839,0.1839,0.0115,0.0136,0.0361,0.0214,0.0068,0.0014,0.0278,2013-07-16T00:00:00Z,-1,lovbio064b,1617.93520660688,WMED,0.11523571610450739,0.6266216210141783
6901496,7.91689666666667,43.358885,29.3999996185303,0.200385004281998,0.3672,0.3672,0.0238,0.0569,0.0809,0.0234,0.0241,0.0028,0.0372,2013-07-16T00:00:00Z,-1,lovbio064b,1617.93520660688,WMED,0.400770008563996,1.0914215919498802
6901496,7.91689666666667,43.358885,40,1.16174292564392,0.8804,0.8804,0.0428,0.1631,0.2973,0.0835,0.0741,0.01,0.0783,2013-07-16T00:00:00Z,-1,lovbio064b,1617.93520660688,WMED,2.32348585128784,2.6391252286322584
6901496,7.91689666666667,43.358885,49.7999992370605,1.87610006332397,0.9159,0.9159,0.0446,0.2142,0.2396,0.0588,0.1346,0.0058,0.0913,2013-07-16T00:00:00Z,-1,lovbio064b,1617.93520660688,WMED,3.75220012664794,4.096735589745539
6901496,7.91689666666667,43.358885,59.9000015258789,0.7810999751091,0.6668,0.6668,0.0262,0.0989,0.2138,0.0116,0.1009,0.0029,0.1001,2013-07-16T00:00:00Z,-1,lovbio064b,1617.93520660688,WMED,1.5621999502182,2.3428313590554892
6901496,7.91689666666667,43.358885,78.9000015258789,0.220095008611679,0.1282,0.1282,-9,0.0289,0.0246,0.0017,0.0263,-9,0.0239,2013-07-16T00:00:00Z,-1,lovbio064b,1617.93520660688,WMED,0.440190017223358,3.433619479121357
6901496,7.91689666666667,43.358885,150.899993896484,0.00401500007137656,0.0155,0.0155,-9,0.002,0.0013,-9,0.0063,-9,0.0016,2013-07-16T00:00:00Z,-1,lovbio064b,1617.93520660688,WMED,0.00803000014275312,0.518064525338911
6901496,7.91689666666667,43.358885,199.699996948242,0.00243333331309259,0.0069,0.0069,-9,4e-4,-9,-9,0.0032,-9,-9,2013-07-16T00:00:00Z,-1,lovbio064b,1617.93520660688,WMED,0.00486666662618518,0.7053140037949536
6901496,7.91689666666667,43.358885,5.350000143051145,0.0255500003695488,0.1019,0.1019,0.0063,0.0079,0.0233,0.0143,0.005,8e-4,0.01,2013-07-16T00:00:00Z,-1,lovbio064b,1617.93520660688,WMED,0.0511000007390976,0.5014720386565025
6901496,7.91689666666667,43.358885,9.842857088361471,0.028157142922282184,0.1471,0.1471,0.0095,0.0127,0.0318,0.0181,0.0067,0.0013,0.0186,2013-07-16T00:00:00Z,-1,lovbio064b,1617.93520660688,WMED,0.05631428584456437,0.3828299513566578
6901496,7.91689666666667,43.358885,20.149999618530252,0.057617858052253695,0.1839,0.1839,0.0115,0.0136,0.0361,0.0214,0.0068,0.0014,0.0278,2013-07-16T00:00:00Z,-1,lovbio064b,1617.93520660688,WMED,0.11523571610450739,0.6266216210141783
6901496,7.91689666666667,43.358885,29.3999996185303,0.200385004281998,0.3672,0.3672,0.0238,0.0569,0.0809,0.0234,0.0241,0.0028,0.0372,2013-07-16T00:00:00Z,-1,lovbio064b,1617.93520660688,WMED,0.400770008563996,1.0914215919498802
6901496,7.91689666666667,43.358885,40,1.16174292564392,0.8804,0.8804,0.0428,0.1631,0.2973,0.0835,0.0741,0.01,0.0783,2013-07-16T00:00:00Z,-1,lovbio064b,1617.93520660688,WMED,2.32348585128784,2.6391252286322584
6901496,7.91689666666667,43.358885,49.7999992370605,1.87610006332397,0.9159,0.9159,0.0446,0.2142,0.2396,0.0588,0.1346,0.0058,0.0913,2013-07-16T00:00:00Z,-1,lovbio064b,1617.93520660688,WMED,3.75220012664794,4.096735589745539
6901496,7.91689666666667,43.358885,59.9000015258789,0.7810999751091,0.6668,0.6668,0.0262,0.0989,0.2138,0.0116,0.1009,0.0029,0.1001,2013-07-16T00:00:00Z,-1,lovbio064b,1617.93520660688,WMED,1.5621999502182,2.3428313590554892
6901496,7.91689666666667,43.358885,78.9000015258789,0.220095008611679,0.1282,0.1282,-9,0.0289,0.0246,0.0017,0.0263,-9,0.0239,2013-07-16T00:00:00Z,-1,lovbio064b,1617.93520660688,WMED,0.440190017223358,3.433619479121357
6901496,7.91689666666667,43.358885,150.899993896484,0.00401500007137656,0.0155,0.0155,-9,0.002,0.0013,-9,0.0063,-9,0.0016,2013-07-16T00:00:00Z,-1,lovbio064b,1617.93520660688,WMED,0.00803000014275312,0.518064525338911
6901496,7.91689666666667,43.358885,199.699996948242,0.00243333331309259,0.0069,0.0069,-9,4e-4,-9,-9,0.0032,-9,-9,2013-07-16T00:00:00Z,-1,lovbio064b,1617.93520660688,WMED,0.00486666662618518,0.7053140037949536
6901649,5.97444666666667,40.7144083333333,9.318461528191204,0.025437692610117107,0.0714,0.0754,0.0026,0.0069,0.0212,0.0157,0.0046,0,NA,2014-07-16T00:00:00Z,-1,lovbio067c,5235.702421783041,WMED,0.050875385220234215,0.6747398570322841
6901649,5.97444666666667,40.7144083333333,49.75666681925455,0.118833570430676,0.1737,0.2265,0.0106,0.0197,0.0603,0.0503,0.0112,0.001,NA,2014-07-16T00:00:00Z,-1,lovbio067c,5235.702421783041,WMED,0.237667140861352,1.0493030501604943
6901649,5.97444666666667,40.7144083333333,70.81499862670896,0.31666791439056396,0.4044,0.4753,0.0151,0.0529,0.1468,0.0394,0.0558,0.0042,NA,2014-07-16T00:00:00Z,-1,lovbio067c,5235.702421783041,WMED,0.6333358287811279,1.3324970098487858
6901649,5.97444666666667,40.7144083333333,99.1733322143553,0.16243310769399033,0.134,0.1505,0.0042,0.0493,0.0497,0.0048,0.016,0,NA,2014-07-16T00:00:00Z,-1,lovbio067c,5235.702421783041,WMED,0.32486621538798066,2.158579504239074
6901648,4.63967666666667,42.0226783333333,9.860000133514415,0.13407992571592298,0.0877,0.0877,0.0035,0.007,0.0214,0.0209,0.0071,0,NA,2014-07-07T00:00:00Z,0,lovbio068d,129223.7679777422,WMED,0.26815985143184595,3.057694999222873
6901648,4.63967666666667,42.0226783333333,30.1200008392334,0.124410063028336,0.2136,0.2354,0.006,0.0289,0.0683,0.0489,0.015,0.0012,NA,2014-07-07T00:00:00Z,0,lovbio068d,129223.7679777422,WMED,0.248820126056672,1.0570098812942736
6901648,4.63967666666667,42.0226783333333,55.0200004577637,1.12215662002563,1.2769,1.2769,0.0254,0.1999,0.7603,0.0758,0.0846,0.0087,NA,2014-07-07T00:00:00Z,0,lovbio068d,129223.7679777422,WMED,2.24431324005126,1.7576264703980424
6901648,4.63967666666667,42.0226783333333,100.019996643066,0.0675104036927223,0.0413,0.0413,0.002,0.0105,0.0104,5e-4,0.0118,0,NA,2014-07-07T00:00:00Z,0,lovbio068d,129223.7679777422,WMED,0.1350208073854446,3.2692689439574965
6901656,164.463983333333,-19.21347,9.839999834696457,0.04263944551348687,0.1878,0.2401,0.0046,0.0017,0.0193,0.0904,0.0037,0,0.0028,2015-03-03T00:00:00Z,-2,lovbio075b,12568.829498763127,ARCH,0.08527889102697374,0.355180720645455
6901656,164.463983333333,-19.21347,16.6200008392334,0.0573809109628201,0.1425,0.1884,0.0035,0.0016,0.0159,0.0737,0.0031,0,0.0023,2015-03-03T00:00:00Z,-2,lovbio075b,12568.829498763127,ARCH,0.1147618219256402,0.6091391821955424
6901656,164.463983333333,-19.21347,25.4200000762939,0.0494633316993713,0.0774,0.112,0.0023,0.0018,0.0139,0.0414,0.0019,0,0.0018,2015-03-03T00:00:00Z,-2,lovbio075b,12568.829498763127,ARCH,0.0989266633987426,0.8832737803459161
6901656,164.463983333333,-19.21347,35.7200012207031,0.0496289990842342,0.0868,0.1503,0.0036,0.0053,0.0271,0.0556,0.0029,0,0.0041,2015-03-03T00:00:00Z,-2,lovbio075b,12568.829498763127,ARCH,0.0992579981684684,0.6603991894109675
6901656,164.463983333333,-19.21347,53.8999996185303,0.06745000183582306,0.1953,0.3092,0.0063,0.0453,0.105,0.0427,0.01,6e-4,0.0262,2015-03-03T00:00:00Z,-2,lovbio075b,12568.829498763127,ARCH,0.13490000367164612,0.43628720463016213
6901656,164.463983333333,-19.21347,71.4199981689453,0.295811802148819,0.2335,0.3676,0.0078,0.053,0.1259,0.0502,0.0121,6e-4,0.0326,2015-03-03T00:00:00Z,-2,lovbio075b,12568.829498763127,ARCH,0.591623604297638,1.6094222097324213
6901656,164.463983333333,-19.21347,88.7200012207031,0.257923632860184,0.2266,0.3562,0.0069,0.0624,0.1142,0.0417,0.0114,0.0019,0.0247,2015-03-03T00:00:00Z,-2,lovbio075b,12568.829498763127,ARCH,0.515847265720368,1.448195580349152
6901656,164.463983333333,-19.21347,107.120002746582,0.186729997396469,0.1289,0.2075,0.003,0.0418,0.0596,0.021,0.0079,0.0012,0.014,2015-03-03T00:00:00Z,-2,lovbio075b,12568.829498763127,ARCH,0.373459994792938,1.7998072038213881
6901660,-165.77339,-18.4710533333333,7.100000063578286,0.0143999997526407,0.0194,0.0297,0.0014,0.0017,0.0076,0.0261,9e-4,0,0.0018,2015-03-29T00:00:00Z,-1,lovbio079b,2351.8276729147524,SPSG,0.0287999995052814,0.9696969530397778
6901660,-165.77339,-18.4710533333333,42.9699993133545,0.0222171423956752,0.0282,0.0477,0.0016,0.0027,0.0093,0.0435,0.0016,0,0.0022,2015-03-29T00:00:00Z,-1,lovbio079b,2351.8276729147524,SPSG,0.0444342847913504,0.931536368791413
6901660,-165.77339,-18.4710533333333,61.2200012207031,0.0288599990308285,0.0342,0.0559,0.0018,0.0036,0.0121,0.0431,0.0023,0,0.0023,2015-03-29T00:00:00Z,-1,lovbio079b,2351.8276729147524,SPSG,0.057719998061657,1.032558104859696
6901660,-165.77339,-18.4710533333333,92.4199981689453,0.0697680041193962,0.0563,0.1012,0.003,0.0105,0.0249,0.0401,0.0033,0,0.0063,2015-03-29T00:00:00Z,-1,lovbio079b,2351.8276729147524,SPSG,0.1395360082387924,1.378814310660004
6901660,-165.77339,-18.4710533333333,119.720001220703,0.335132300853729,0.0848,0.1995,0.0033,0.0236,0.0449,0.0467,0.0029,0,0.0895,2015-03-29T00:00:00Z,-1,lovbio079b,2351.8276729147524,SPSG,0.670264601707458,3.359722314323098
6901660,-165.77339,-18.4710533333333,149.720001220703,0.166560009121895,0.0921,0.1844,0.0018,0.0347,0.0483,0.0263,0.0037,0,0.0409,2015-03-29T00:00:00Z,-1,lovbio079b,2351.8276729147524,SPSG,0.33312001824379,1.8065076911268438
6901660,-165.77339,-18.4710533333333,178.320007324219,0.0864000022411346,0.0595,0.1001,9e-4,0.0229,0.031,0.0072,0.002,0,0.0077,2015-03-29T00:00:00Z,-1,lovbio079b,2351.8276729147524,SPSG,0.1728000044822692,1.7262737710516405
6901660,-165.77339,-18.4710533333333,200.820007324219,0.0491563640534878,0.0352,0.0569,5e-4,0.0116,0.023,0.0026,7e-4,0,0,2015-03-29T00:00:00Z,-1,lovbio079b,2351.8276729147524,SPSG,0.0983127281069756,1.7278159597008014
6901765,24.8273116666667,34.1817933333333,9.75,0.06154846772551539,0.0575,0.0575,0.0015,0.004,0.0184,0.0141,0.003,5e-4,0.0025,2015-05-23T00:00:00Z,-1,lovbio084d,3509.758339578103,EMED,0.12309693545103079,2.140816268713579
6901765,24.8273116666667,34.1817933333333,29.92000007629395,0.0371517688035965,0.0518,0.0518,0.0013,0.0041,0.0187,0.0147,0.0022,0,0.0031,2015-05-23T00:00:00Z,-1,lovbio084d,3509.758339578103,EMED,0.074303537607193,1.4344312279380886
6901765,24.8273116666667,34.1817933333333,49.1199989318848,0.0610332936048508,0.078,0.0805,0.0028,0.0066,0.0292,0.0191,0.0033,3e-4,0.0063,2015-05-23T00:00:00Z,-1,lovbio084d,3509.758339578103,EMED,0.1220665872097016,1.516355120617411
6901765,24.8273116666667,34.1817933333333,79.8199996948242,0.229861527681351,0.2901,0.4683,0.0075,0.0512,0.1315,0.1318,0.0209,0.0036,0.1243,2015-05-23T00:00:00Z,-1,lovbio084d,3509.758339578103,EMED,0.459723055362702,0.9816849356453172
6901765,24.8273116666667,34.1817933333333,99.8199996948242,0.437563180923462,0.3438,0.4711,0.0063,0.1103,0.1356,0.0543,0.0219,0.0036,0.0628,2015-05-23T00:00:00Z,-1,lovbio084d,3509.758339578103,EMED,0.875126361846924,1.8576233535277522
6901765,24.8273116666667,34.1817933333333,109.720001220703,0.448731333017349,0.247,0.3346,0.0048,0.0863,0.0874,0.0337,0.016,0.003,0.0462,2015-05-23T00:00:00Z,-1,lovbio084d,3509.758339578103,EMED,0.897462666034698,2.6821956546165513
6901765,24.8273116666667,34.1817933333333,149.919998168945,0.0108544807881117,0.0149,0.0149,0,0.0047,0.006,3e-4,0.0021,0,0.0013,2015-05-23T00:00:00Z,-1,lovbio084d,3509.758339578103,EMED,0.0217089615762234,1.4569772869948592
6901765,24.8273116666667,34.1817933333333,199.95999908447249,0.00890623987652363,0.0184,0.0198,0,0.0084,0.0043,6e-4,0.0037,0,0.0017,2015-05-23T00:00:00Z,-1,lovbio084d,3509.758339578103,EMED,0.01781247975304726,0.8996201895478413
6901768,18.5246066666667,38.3007416666667,4.90000009536743,0.0438000001013279,0.0951,0.0955,0.0023,0.0084,0.0335,0.014,0.0033,7e-4,0.0043,2015-05-19T00:00:00Z,-3,lovbio088d,13838.604541217801,EMED,0.0876000002026558,0.9172774890330451
6901768,18.5246066666667,38.3007416666667,9.033333460489906,0.0438000001013279,0.1002,0.1002,0.0025,0.0089,0.0354,0.0146,0.0034,7e-4,0.0048,2015-05-19T00:00:00Z,-3,lovbio088d,13838.604541217801,EMED,0.0876000002026558,0.8742514990285011
6901768,18.5246066666667,38.3007416666667,49.7400016784668,0.182208001613617,0.1755,0.1801,0.0074,0.0227,0.0663,0.0306,0.0066,8e-4,0.0143,2015-05-19T00:00:00Z,-3,lovbio088d,13838.604541217801,EMED,0.364416003227234,2.0234092350207327
6901768,18.5246066666667,38.3007416666667,61.0400009155273,0.415370017290115,0.2516,0.2651,0.0086,0.0279,0.1043,0.0519,0.0088,8e-4,0.0199,2015-05-19T00:00:00Z,-3,lovbio088d,13838.604541217801,EMED,0.83074003458023,3.133685532177405
6901768,18.5246066666667,38.3007416666667,71.0400009155273,0.298407793045044,0.3632,0.4268,0.0089,0.0411,0.164,0.0892,0.0117,0.0015,0.0447,2015-05-19T00:00:00Z,-3,lovbio088d,13838.604541217801,EMED,0.596815586090088,1.3983495456656232
6901768,18.5246066666667,38.3007416666667,103.139999389648,0.115559004247189,0.1178,0.1279,0.0044,0.0314,0.0501,0.0044,0.0068,0.0021,0.0119,2015-05-19T00:00:00Z,-3,lovbio088d,13838.604541217801,EMED,0.231118008494378,1.807021176656591
6901769,10.8383783333333,39.2186216666667,9.820000012715656,0.014547857300688817,0.076,0.076,0.0019,0.0083,0.0222,0.0114,0.0032,0.0032,0.0033,2015-05-31T00:00:00Z,-1,lovbio089d,6751.517982444105,WMED,0.029095714601377633,0.38283835001812677
6901769,10.8383783333333,39.2186216666667,30.07000064849855,0.0378788895905018,0.092,0.0937,0.0063,0.0087,0.0233,0.0154,0.0037,9e-4,0.0129,2015-05-31T00:00:00Z,-1,lovbio089d,6751.517982444105,WMED,0.0757577791810036,0.808514185496303
6901769,10.8383783333333,39.2186216666667,60.17333348592123,0.3008816639582317,0.4685,0.4995,0.0146,0.0643,0.2415,0.0478,0.0194,0.0113,0.0346,2015-05-31T00:00:00Z,-1,lovbio089d,6751.517982444105,WMED,0.6017633279164634,1.2047313872201468
6901769,10.8383783333333,39.2186216666667,70.0699996948242,0.5489751994609835,0.4044,0.5016,0.007,0.105,0.1876,0.0517,0.0356,0.0022,0.0502,2015-05-31T00:00:00Z,-1,lovbio089d,6751.517982444105,WMED,1.097950398921967,2.188896329589248
6901769,10.8383783333333,39.2186216666667,79.77000045776364,0.329595014452934,0.2011,0.2133,0.0045,0.0452,0.1276,0.0054,0.0225,0,0.008,2015-05-31T00:00:00Z,-1,lovbio089d,6751.517982444105,WMED,0.659190028905868,3.09043614114331
6901769,10.8383783333333,39.2186216666667,99.5199966430664,0.0803000032901764,0.073,0.0761,0,0.022,0.0448,0,0.0066,0,0.0041,2015-05-31T00:00:00Z,-1,lovbio089d,6751.517982444105,WMED,0.1606000065803528,2.1103811639993797
6901771,20.0963883333333,36.6890733333333,9.573333422342937,0.013165713908771654,0.0652,0.0652,0.0028,0.0068,0.0207,0.0065,0.0037,0,0.0038,2015-05-27T00:00:00Z,-1,lovbio091d,2266.088633285552,EMED,0.02633142781754331,0.4038562548702962
6901771,20.0963883333333,36.6890733333333,39.5200004577637,0.0416159983724356,0.1253,0.1345,0.005,0.014,0.0503,0.0257,0.0065,5e-4,0.0154,2015-05-27T00:00:00Z,-1,lovbio091d,2266.088633285552,EMED,0.0832319967448712,0.6188252546087077
6901771,20.0963883333333,36.6890733333333,69.9200007120768,0.4475340048472087,0.3904,0.5443,0.006,0.0733,0.2496,0.0958,0.015,0.0022,0.099,2015-05-27T00:00:00Z,-1,lovbio091d,2266.088633285552,EMED,0.8950680096944174,1.6444387464530907
6901771,20.0963883333333,36.6890733333333,80.0699996948242,0.38967999815940846,0.3045,0.437,0.0054,0.0698,0.1811,0.0599,0.0126,0.0025,0.0493,2015-05-27T00:00:00Z,-1,lovbio091d,2266.088633285552,EMED,0.7793599963188169,1.7834324858554162
6901771,20.0963883333333,36.6890733333333,99.67000198364255,0.259404018521309,0.1664,0.213,0.0043,0.0377,0.091,0.017,0.0079,0.0021,0.021,2015-05-27T00:00:00Z,-1,lovbio091d,2266.088633285552,EMED,0.518808037042618,2.43571848376816
6901771,20.0963883333333,36.6890733333333,150.120002746582,0.003534545423462985,0.1121,0.1263,0.0033,0.0467,0.0475,0.0045,0.0081,4e-4,0.0072,2015-05-27T00:00:00Z,-1,lovbio091d,2266.088633285552,EMED,0.00706909084692597,0.055970632200522334
6901773,28.42475,33.5631816666667,9.629999876022335,0.010950000025332,0.0401,0.0401,0.001,0.0026,0.01,0.011,0.0013,9e-4,0.0016,2015-05-22T00:00:00Z,-5114,lovbio093d,3899.182591068945,EMED,0.021900000050664,0.5461346646050873
6901773,28.42475,33.5631816666667,50.0599994659424,0.0202118745073676,0.0375,0.0388,0.0016,0.0031,0.011,0.0131,0.0019,0,0.0036,2015-05-22T00:00:00Z,-5114,lovbio093d,3899.182591068945,EMED,0.0404237490147352,1.041849201410701
6901773,28.42475,33.5631816666667,79.67000198364255,0.0554799996316433,0.0728,0.0774,0.0031,0.0066,0.0263,0.0184,0.004,6e-4,0.007,2015-05-22T00:00:00Z,-5114,lovbio093d,3899.182591068945,EMED,0.1109599992632866,1.433591721747889
6901773,28.42475,33.5631816666667,109.819999694824,0.246972277760506,0.1979,0.2609,0.0047,0.032,0.1063,0.0541,0.0118,0.0021,0.0547,2015-05-22T00:00:00Z,-5114,lovbio093d,3899.182591068945,EMED,0.493944555521012,1.8932332522844462
6901773,28.42475,33.5631816666667,120.2700004577635,0.297607719898224,0.1872,0.3058,0.0039,0.0696,0.0889,0.0545,0.0085,0.0012,0.0336,2015-05-22T00:00:00Z,-5114,lovbio093d,3899.182591068945,EMED,0.595215439796448,1.9464206664370436
6901773,28.42475,33.5631816666667,130.319999694824,0.2640166729688645,0.1975,0.292,0.0036,0.0807,0.0934,0.0302,0.0102,0.0016,0.0166,2015-05-22T00:00:00Z,-5114,lovbio093d,3899.182591068945,EMED,0.528033345937729,1.808333376499072
6901773,28.42475,33.5631816666667,150.01999664306652,0.179336674511433,0.1321,0.194,0.0027,0.0601,0.0509,0.0174,0.0067,4e-4,0.0168,2015-05-22T00:00:00Z,-5114,lovbio093d,3899.182591068945,EMED,0.358673349022866,1.8488316959941546
6902734,72.3039166666667,-48.771565,19.7199993133545,0.626399993896484,1.0129,1.0304,0.0284,0.0588,0.076,0.0027,0.4114,0.011,0.0269,2016-10-17T00:00:00Z,-1,lovbio098c,2009.3754359055238,SANT,1.252799987792968,1.2158384974698837
6902734,72.3039166666667,-48.771565,29.7199993133545,0.626399993896484,1.0278,1.0463,0.033,0.0624,0.0771,0.0027,0.4097,0.011,0.0281,2016-10-17T00:00:00Z,-1,lovbio098c,2009.3754359055238,SANT,1.252799987792968,1.1973621215645303
6902734,72.3039166666667,-48.771565,40.01000022888185,0.6392520070075985,1.0172,1.0401,0.0291,0.061,0.0771,0.0026,0.4132,0.011,0.0278,2016-10-17T00:00:00Z,-1,lovbio098c,2009.3754359055238,SANT,1.278504014015197,1.229212589188729
6902734,72.3039166666667,-48.771565,99.64999771118156,0.1925999969244,0.6933,0.7034,0.0042,0.0363,0.0509,0.0024,0.2903,0.0075,0.0218,2016-10-17T00:00:00Z,-1,lovbio098c,2009.3754359055238,SANT,0.3851999938488,0.5476258087131077
6902734,72.3039166666667,-48.771565,150.019999186198,0.06664000203212103,0.1459,0.1459,0,0.0073,0.0113,8e-4,0.0642,0.0014,0.0058,2016-10-17T00:00:00Z,-1,lovbio098c,2009.3754359055238,SANT,0.13328000406424206,0.9135024267597126
6902734,72.3039166666667,-48.771565,199.699996948242,0.00539999990724027,0.1004,0.1004,0,0.0039,0.007,0,0.0452,6e-4,0.004,2016-10-17T00:00:00Z,-1,lovbio098c,2009.3754359055238,SANT,0.01079999981448054,0.10756971926773445
6902735,66.97718,-52.421255,6.453333298365274,0.352800011634827,0.2754,0.2838,0.0058,0.0253,0.0654,0.0018,0.0698,0.0023,0.0392,2016-10-20T00:00:00Z,-1,lovbio100c,8953.45683724913,SANT,0.705600023269654,2.4862580101115364
6902735,66.97718,-52.421255,20.0599998474121,0.352800011634827,0.271,0.2801,0.006,0.0247,0.0644,0.0019,0.0691,0.0023,0.0382,2016-10-20T00:00:00Z,-1,lovbio100c,8953.45683724913,SANT,0.705600023269654,2.5191004043900533
6902735,66.97718,-52.421255,29.81999931335446,0.352800011634827,0.2706,0.2808,0.0055,0.0257,0.065,0.0018,0.0702,0.0025,0.038,2016-10-20T00:00:00Z,-1,lovbio100c,8953.45683724913,SANT,0.705600023269654,2.512820595689651
6902735,66.97718,-52.421255,39.974999427795396,0.352800011634827,0.2777,0.2861,0.0058,0.0257,0.0644,0.0017,0.0728,0.0023,0.0393,2016-10-20T00:00:00Z,-1,lovbio100c,8953.45683724913,SANT,0.705600023269654,2.4662706161120376
6902735,66.97718,-52.421255,49.82499980926515,0.352800011634827,0.2686,0.2751,0.0045,0.0255,0.0615,0.0015,0.0699,0.0025,0.0392,2016-10-20T00:00:00Z,-1,lovbio100c,8953.45683724913,SANT,0.705600023269654,2.564885580769371
6902735,66.97718,-52.421255,75.58000030517577,0.3470400094985964,0.205,0.2085,0.0031,0.0194,0.0433,0.0011,0.053900000000000003,0.002,0.0285,2016-10-20T00:00:00Z,-1,lovbio100c,8953.45683724913,SANT,0.6940800189971928,3.3289209544229874
6902735,66.97718,-52.421255,99.91999969482421,0.2613200068473816,0.213,0.2166,0.0028,0.0204,0.0453,0.0012,0.0561,0.0019,0.0298,2016-10-20T00:00:00Z,-1,lovbio100c,8953.45683724913,SANT,0.5226400136947632,2.4129271177043545
6902735,66.97718,-52.421255,124.8,0.2668538331985472,0.2188,0.2228,0.0032,0.0209,0.0457,0.0012,0.0583,0.0022,0.0299,2016-10-20T00:00:00Z,-1,lovbio100c,8953.45683724913,SANT,0.5337076663970944,2.3954563123747508
6902735,66.97718,-52.421255,149.9799987792968,0.287919992208481,0.2103,0.2139,0.0026,0.0202,0.0442,0.0011,0.0556,0.0022,0.0282,2016-10-20T00:00:00Z,-1,lovbio100c,8953.45683724913,SANT,0.575839984416962,2.692099038882478
6902735,66.97718,-52.421255,200.150001525879,0.10207499936223025,0.0325,0.0325,0,0.0034,0.0057,4e-4,0.0101,3e-4,0.0044,2016-10-20T00:00:00Z,-1,lovbio100c,8953.45683724913,SANT,0.2041499987244605,6.281538422291092
6902736,72.02287,-50.6296683333333,9.161428689956661,0.9484714354787557,1.5301,1.6405,0.0116,0.0205,0.0408,0.0013,0.6746,0.0032,0.0124,2016-10-18T00:00:00Z,6,lovbio101c,2293.1829813115983,SANT,1.8969428709575114,1.1563199457223476
6902736,72.02287,-50.6296683333333,19.166666666666668,1.1028000116348267,1.6097,1.6968,0.0085,0.02,0.041,0.001,0.6955,0.0033,0.013,2016-10-18T00:00:00Z,6,lovbio101c,2293.1829813115983,SANT,2.2056000232696533,1.2998585709981454
6902736,72.02287,-50.6296683333333,40.03999938964844,1.0097280383110052,1.5835,1.6543,0.0076,0.0198,0.0396,0.001,0.6885,0.0034,0.0129,2016-10-18T00:00:00Z,6,lovbio101c,2293.1829813115983,SANT,2.0194560766220104,1.2207314735066253
6902736,72.02287,-50.6296683333333,50.04999923706055,0.9496400058269505,1.607,1.7113,0.0083,0.0211,0.0402,0.0014,0.7292,0.0036,0.0144,2016-10-18T00:00:00Z,6,lovbio101c,2293.1829813115983,SANT,1.899280011653901,1.1098463224764221
6902736,72.02287,-50.6296683333333,75.0000025431315,0.799613356590271,1.5708,1.6713,0.0089,0.0206,0.0395,0.0011,0.7128,0.0032,0.0118,2016-10-18T00:00:00Z,6,lovbio101c,2293.1829813115983,SANT,1.599226713180542,0.9568759128705451
6902736,72.02287,-50.6296683333333,99.69999694824212,0.7256159782409666,1.618,1.7097,0.0084,0.0213,0.0396,0,0.7109,0.0031,0.0144,2016-10-18T00:00:00Z,6,lovbio101c,2293.1829813115983,SANT,1.4512319564819331,0.848822575002593
6902736,72.02287,-50.6296683333333,150.3399993896484,0.531408005952835,0.6559,0.6735,0,0.01,0.0157,0,0.299,0,0.0064,2016-10-18T00:00:00Z,6,lovbio101c,2293.1829813115983,SANT,1.06281601190567,1.578049015450141
6902736,72.02287,-50.6296683333333,199.7400024414062,0.3251677095890046,0.0688,0.0703,0,0.0029,0.0021,0,0.0333,0,0.0018,2016-10-18T00:00:00Z,6,lovbio101c,2293.1829813115983,SANT,0.6503354191780092,9.250859447766844
6902737,72.0717783333333,-50.6306533333333,6.719999969005585,1.4443962574005138,1.291,1.4435,0.0153,0.0246,0.0487,0.0028,0.6725,0.0047,0.0119,2016-10-19T00:00:00Z,-1,lovbio103c,993.459750242439,SANT,2.8887925148010276,2.0012417837208365
6902737,72.0717783333333,-50.6306533333333,21.71000003814695,1.414438605308535,1.3405,1.5001,0.017,0.0242,0.0567,0.0025,0.6793,0.0048,0.0142,2016-10-19T00:00:00Z,-1,lovbio103c,993.459750242439,SANT,2.82887721061707,1.8857924209166521
6902737,72.0717783333333,-50.6306533333333,49.546666463216134,1.3105712334315,1.5764,1.6899,0.0133,0.0238,0.0518,0.0012,0.7648,0.0039,0.0153,2016-10-19T00:00:00Z,-1,lovbio103c,993.459750242439,SANT,2.621142466863,1.5510636527977988
6902737,72.0717783333333,-50.6306533333333,74.73500061035155,0.5761110335588457,1.3182,1.3828,0.008,0.0226,0.0433,0.0013,0.598,0.0029,0.0126,2016-10-19T00:00:00Z,-1,lovbio103c,993.459750242439,SANT,1.1522220671176915,0.8332528689020042
6902737,72.0717783333333,-50.6306533333333,99.93666585286448,0.4782633682092032,1.136,1.1857,0.0098,0.0214,0.0384,0.0012,0.5211,0.0029,0.0122,2016-10-19T00:00:00Z,-1,lovbio103c,993.459750242439,SANT,0.9565267364184064,0.8067190152807678
6902737,72.0717783333333,-50.6306533333333,149.8000061035158,0.27694473862648017,0.7402,0.7575,0,0.0168,0.0272,0.001,0.3311,0.0024,0.009,2016-10-19T00:00:00Z,-1,lovbio103c,993.459750242439,SANT,0.5538894772529603,0.7312072306969774
6902737,72.0717783333333,-50.6306533333333,199.7000007629395,0.07391250226646663,0.0762,0.0762,0,0.0033,0.0031,0,0.0364,0,0.0027,2016-10-19T00:00:00Z,-1,lovbio103c,993.459750242439,SANT,0.14782500453293326,1.9399606894085728
6902737,72.0717783333333,-50.6306533333333,252.399993896484,0.0292000006884336,0.0142,0.0142,0,0.001,9e-4,0,0.0078,0,0,2016-10-19T00:00:00Z,-1,lovbio103c,993.459750242439,SANT,0.0584000013768672,4.112676153300507
6902737,72.0717783333333,-50.6306533333333,302.100006103516,0.0182499997317791,0.0076,0.0076,0,7e-4,5e-4,0,0.0046,0,0,2016-10-19T00:00:00Z,-1,lovbio103c,993.459750242439,SANT,0.0364999994635582,4.8026315083629205
6902738,72.2748116666667,-48.7829383333333,6.52727274461226,0.682550013065338,1.0053,1.0247,0.0313,0.0595,0.0755,0.0026,0.4093,0.011,0.0303,2016-10-16T00:00:00Z,0,lovbio104c,535.312408117213,SANT,1.365100026130676,1.3321948142194555
6902738,72.2748116666667,-48.7829383333333,19.973333358764634,0.682550013065338,1.0129,1.0304,0.0284,0.0588,0.076,0.0027,0.4114,0.011,0.0269,2016-10-16T00:00:00Z,0,lovbio104c,535.312408117213,SANT,1.365100026130676,1.3248253359187463
6902738,72.2748116666667,-48.7829383333333,30.340000152587898,0.682550013065338,1.0278,1.0463,0.033,0.0624,0.0771,0.0027,0.4097,0.011,0.0281,2016-10-16T00:00:00Z,0,lovbio104c,535.312408117213,SANT,1.365100026130676,1.3046927517257727
6902738,72.2748116666667,-48.7829383333333,40.0800003051758,0.682550013065338,1.0172,1.0401,0.0291,0.061,0.0771,0.0026,0.4132,0.011,0.0278,2016-10-16T00:00:00Z,0,lovbio104c,535.312408117213,SANT,1.365100026130676,1.3124699799352717
6902738,72.2748116666667,-48.7829383333333,50.2999992370605,0.682550013065338,1.0264,1.0466,0.0314,0.0619,0.0755,0.0024,0.4106,0.0109,0.028,2016-10-16T00:00:00Z,0,lovbio104c,535.312408117213,SANT,1.365100026130676,1.3043187713841735
6902738,72.2748116666667,-48.7829383333333,76.04999923706055,0.6241500079631805,1.0412,1.0631,0.035,0.063,0.0767,0.0028,0.4158,0.0107,0.029,2016-10-16T00:00:00Z,0,lovbio104c,535.312408117213,SANT,1.248300015926361,1.1742075213304122
6902738,72.2748116666667,-48.7829383333333,99.89999961853025,0.3047749996185303,0.6933,0.7034,0.0042,0.0363,0.0509,0.0024,0.2903,0.0075,0.0218,2016-10-16T00:00:00Z,0,lovbio104c,535.312408117213,SANT,0.6095499992370605,0.8665766267231455
6902738,72.2748116666667,-48.7829383333333,125.25,0.0948391649872065,0.2221,0.2221,0,0.0099,0.0168,0.0011,0.0925,0.0026,0.0088,2016-10-16T00:00:00Z,0,lovbio104c,535.312408117213,SANT,0.189678329974413,0.8540221970932599
6902738,72.2748116666667,-48.7829383333333,149.6749992370605,0.0519295446574688,0.1459,0.1459,0,0.0073,0.0113,8e-4,0.0642,0.0014,0.0058,2016-10-16T00:00:00Z,0,lovbio104c,535.312408117213,SANT,0.1038590893149376,0.711851194756255
6902738,72.2748116666667,-48.7829383333333,200.20999908447266,0.0308408106987675,0.1004,0.1004,0,0.0039,0.007,0,0.0452,6e-4,0.004,2016-10-16T00:00:00Z,0,lovbio104c,535.312408117213,SANT,0.061681621397535,0.6143587788599103
6902738,72.2748116666667,-48.7829383333333,501.700012207031,0.00360548798926175,0.0015,0.0015,0,0,6e-4,0,8e-4,0,0,2016-10-16T00:00:00Z,0,lovbio104c,535.312408117213,SANT,0.0072109759785235,4.807317319015667
6902739,66.9867816666667,-52.4273433333333,6.4437499940395355,0.386900007724762,0.2754,0.2838,0.0058,0.0253,0.0654,0.0018,0.0698,0.0023,0.0392,2016-10-20T00:00:00Z,-1,lovbio107c,8190.017808564173,SANT,0.773800015449524,2.7265680600758424
6902739,66.9867816666667,-52.4273433333333,19.64000015258788,0.386900007724762,0.271,0.2801,0.006,0.0247,0.0644,0.0019,0.0691,0.0023,0.0382,2016-10-20T00:00:00Z,-1,lovbio107c,8190.017808564173,SANT,0.773800015449524,2.762584846303192
6902739,66.9867816666667,-52.4273433333333,30.149999618530252,0.386900007724762,0.2706,0.2808,0.0055,0.0257,0.065,0.0018,0.0702,0.0025,0.038,2016-10-20T00:00:00Z,-1,lovbio107c,8190.017808564173,SANT,0.773800015449524,2.755698060717678
6902739,66.9867816666667,-52.4273433333333,40.30000019073488,0.386900007724762,0.2777,0.2861,0.0058,0.0257,0.0644,0.0017,0.0728,0.0023,0.0393,2016-10-20T00:00:00Z,-1,lovbio107c,8190.017808564173,SANT,0.773800015449524,2.704648778222733
6902739,66.9867816666667,-52.4273433333333,50.24333318074545,0.386900007724762,0.2686,0.2751,0.0045,0.0255,0.0615,0.0015,0.0699,0.0025,0.0392,2016-10-20T00:00:00Z,-1,lovbio107c,8190.017808564173,SANT,0.773800015449524,2.8127954033061577
6902739,66.9867816666667,-52.4273433333333,75.45000076293945,0.386900007724762,0.205,0.2085,0.0031,0.0194,0.0433,0.0011,0.053900000000000003,0.002,0.0285,2016-10-20T00:00:00Z,-1,lovbio107c,8190.017808564173,SANT,0.773800015449524,3.711271057311866
6902739,66.9867816666667,-52.4273433333333,100.35000038146973,0.386900007724762,0.213,0.2166,0.0028,0.0204,0.0453,0.0012,0.0561,0.0019,0.0298,2016-10-20T00:00:00Z,-1,lovbio107c,8190.017808564173,SANT,0.773800015449524,3.5724839125093446
6902739,66.9867816666667,-52.4273433333333,126.06666819254566,0.39024583498636867,0.2188,0.2228,0.0032,0.0209,0.0457,0.0012,0.0583,0.0022,0.0299,2016-10-20T00:00:00Z,-1,lovbio107c,8190.017808564173,SANT,0.7804916699727373,3.503104443324674
6902739,66.9867816666667,-52.4273433333333,150,0.27462102472782124,0.2103,0.2139,0.0026,0.0202,0.0442,0.0011,0.0556,0.0022,0.0282,2016-10-20T00:00:00Z,-1,lovbio107c,8190.017808564173,SANT,0.5492420494556425,2.5677515168566734
6902739,66.9867816666667,-52.4273433333333,199.520004272461,0.06377280056476592,0.0325,0.0325,0,0.0034,0.0057,4e-4,0.0101,3e-4,0.0044,2016-10-20T00:00:00Z,-1,lovbio107c,8190.017808564173,SANT,0.12754560112953184,3.9244800347548257
6902667,60.1486333333333,69.5141166666667,99.855598449707,0.0287999995052814,NA,0.0270324758167887,NA,NA,NA,NA,NA,NA,NA,2016-07-08T00:00:00Z,0,takapm009b,NA,BPLR,0.0575999990105628,2.1307703889552703
6902667,60.1486333333333,69.5141166666667,79.8545989990234,0.115199998021126,NA,0.0509614859869868,NA,NA,NA,NA,NA,NA,NA,2016-07-08T00:00:00Z,0,takapm009b,NA,BPLR,0.230399996042252,4.521061181400508
6902667,60.1486333333333,69.5141166666667,69.8309020996094,0.280800014734268,NA,0.0658561557816221,NA,NA,NA,NA,NA,NA,NA,2016-07-08T00:00:00Z,0,takapm009b,NA,BPLR,0.561600029468536,8.527677068348664
6902667,60.1486333333333,69.5141166666667,59.8082008361816,0.575999975204468,NA,0.182103074945444,NA,NA,NA,NA,NA,NA,NA,2016-07-08T00:00:00Z,0,takapm009b,NA,BPLR,1.151999950408936,6.326087303874808
6902667,60.1486333333333,69.5141166666667,49.8605995178223,1.08720004558563,NA,0.355253581500896,NA,NA,NA,NA,NA,NA,NA,2016-07-08T00:00:00Z,0,takapm009b,NA,BPLR,2.17440009117126,6.1206985781388275
6902667,60.1486333333333,69.5141166666667,39.6538009643555,2.36879992485046,NA,0.894627086198077,NA,NA,NA,NA,NA,NA,NA,2016-07-08T00:00:00Z,0,takapm009b,NA,BPLR,4.73759984970092,5.2956141422393515
6902667,60.1486333333333,69.5141166666667,29.8656005859375,2.4695999622345,NA,1.37512388555348,NA,NA,NA,NA,NA,NA,NA,2016-07-08T00:00:00Z,0,takapm009b,NA,BPLR,4.939199924469,3.591821781556066
6902667,60.1486333333333,69.5141166666667,19.6149005889893,1.94400000572205,NA,1.15075539523072,NA,NA,NA,NA,NA,NA,NA,2016-07-08T00:00:00Z,0,takapm009b,NA,BPLR,3.8880000114441,3.37865025665561
6902667,60.1486333333333,69.5141166666667,9.63700008392334,0.979200005531311,NA,1.05357653291017,NA,NA,NA,NA,NA,NA,NA,2016-07-08T00:00:00Z,0,takapm009b,NA,BPLR,1.958400011062622,1.8588113439212288
6902667,60.1486333333333,69.5141166666667,0.354299992322922,0.871200025081635,NA,0.565364303668035,NA,NA,NA,NA,NA,NA,NA,2016-07-08T00:00:00Z,0,takapm009b,NA,BPLR,1.74240005016327,3.0819067260856903
4901802,61.0005833333333,69.4973,99.9990005493164,0.0216000005602837,NA,0.0196548624693337,NA,NA,NA,NA,NA,NA,NA,2016-07-09T00:00:00Z,0,takapm013b,NA,BPLR,0.0432000011205674,2.1979294532317266
4901802,61.0005833333333,69.4973,79.8962020874023,0.0719999969005585,NA,0.0297781310865792,NA,NA,NA,NA,NA,NA,NA,2016-07-09T00:00:00Z,0,takapm013b,NA,BPLR,0.143999993801117,4.835763311755209
4901802,61.0005833333333,69.4973,59.92919921875,0.388799995183945,NA,0.126138272939337,NA,NA,NA,NA,NA,NA,NA,2016-07-09T00:00:00Z,0,takapm013b,NA,BPLR,0.77759999036789,6.1646633670167414
4901802,61.0005833333333,69.4973,49.9903984069824,0.81360000371933,NA,0.366672024736163,NA,NA,NA,NA,NA,NA,NA,2016-07-09T00:00:00Z,0,takapm013b,NA,BPLR,1.62720000743866,4.437753353584865
4901802,61.0005833333333,69.4973,39.9392013549805,2.08080005645752,NA,0.563049800719165,NA,NA,NA,NA,NA,NA,NA,2016-07-09T00:00:00Z,0,takapm013b,NA,BPLR,4.16160011291504,7.391175891723192
4901802,61.0005833333333,69.4973,29.8960990905762,1.49759995937347,NA,0.902254375865115,NA,NA,NA,NA,NA,NA,NA,2016-07-09T00:00:00Z,0,takapm013b,NA,BPLR,2.99519991874694,3.319684557777878
4901802,61.0005833333333,69.4973,19.9286994934082,1.24559998512268,NA,1.07483804240332,NA,NA,NA,NA,NA,NA,NA,2016-07-09T00:00:00Z,0,takapm013b,NA,BPLR,2.49119997024536,2.31774450844248
4901802,61.0005833333333,69.4973,9.78079986572266,0.554400026798248,NA,0.819188495133819,NA,NA,NA,NA,NA,NA,NA,2016-07-09T00:00:00Z,0,takapm013b,NA,BPLR,1.108800053596496,1.353534699502057
4901802,61.0005833333333,69.4973,0.391200006008148,0.554400026798248,NA,0.434996609174917,NA,NA,NA,NA,NA,NA,NA,2016-07-09T00:00:00Z,0,takapm013b,NA,BPLR,1.108800053596496,2.54898550979425
4901803,60.98615,69.32395,50.0009002685547,0.81360000371933,NA,0.338970919329341,NA,NA,NA,NA,NA,NA,NA,2016-07-09T00:00:00Z,0,takapm005b,NA,BPLR,1.62720000743866,4.8004118189787475
4901803,60.98615,69.32395,29.9668006896973,1.11600005626678,NA,1.12514671900524,NA,NA,NA,NA,NA,NA,NA,2016-07-09T00:00:00Z,0,takapm005b,NA,BPLR,2.23200011253356,1.9837413866405855
4901803,60.98615,69.32395,9.75539970397949,0.878400027751923,NA,0.771462480600557,NA,NA,NA,NA,NA,NA,NA,2016-07-09T00:00:00Z,0,takapm005b,NA,BPLR,1.756800055503846,2.277233306454823
4901803,60.98615,69.32395,4.9210000038147,0.712800025939941,NA,0.956535683439373,NA,NA,NA,NA,NA,NA,NA,2016-07-09T00:00:00Z,0,takapm005b,NA,BPLR,1.425600051879882,1.4903783272924174
4901803,60.98615,69.32395,0.17849999666214,0.712800025939941,NA,0.834210011593932,NA,NA,NA,NA,NA,NA,NA,2016-07-09T00:00:00Z,0,takapm005b,NA,BPLR,1.425600051879882,1.7089222522707153
6902668,60.2261,69.33885,60.0637016296387,0.518299996852875,NA,0.179599288177382,NA,NA,NA,NA,NA,NA,NA,2016-07-09T00:00:00Z,0,takapm014b,NA,BPLR,1.03659999370575,5.771737762579257
6902668,60.2261,69.33885,29.5928993225098,2.05130004882812,NA,1.45003313945096,NA,NA,NA,NA,NA,NA,NA,2016-07-09T00:00:00Z,0,takapm014b,NA,BPLR,4.10260009765624,2.8293147142896657
6902668,60.2261,69.33885,20.0629997253418,1.46730005741119,NA,1.19720440331436,NA,NA,NA,NA,NA,NA,NA,2016-07-09T00:00:00Z,0,takapm014b,NA,BPLR,2.93460011482238,2.4512105925255416
6902668,60.2261,69.33885,9.91580009460449,0.715399980545044,NA,0.780798088061535,NA,NA,NA,NA,NA,NA,NA,2016-07-09T00:00:00Z,0,takapm014b,NA,BPLR,1.430799961090088,1.832483945551524
6902668,60.2261,69.33885,4.20039987564087,0.649699985980988,NA,0.541674192970593,NA,NA,NA,NA,NA,NA,NA,2016-07-09T00:00:00Z,0,takapm014b,NA,BPLR,1.299399971961976,2.3988589244688625
