float_num,lon,lat,depth,fluo,chla,t_chla,peri,but,hex,zea,fuco,allo,chlb,date,diff_date,lovbio,dist
6902742,61.7323493333333,-58.4157773333333,11.0690002441406,0.30019998550415,0.2183,0.2243,0.0039,0.0141,0.0552,0.0012,0.0701,0.0045,0.0119,2016-10-23T00:00:00Z,-2,lovapm002a,16565.2319355436
6902742,61.7323493333333,-58.4157773333333,20.0869998931885,0.30019998550415,0.2204,0.2273,0.0043,0.014,0.0571,0.0012,0.0722,0.0044,0.0119,2016-10-23T00:00:00Z,-2,lovapm002a,16565.2319355436
6902742,61.7323493333333,-58.4157773333333,29.9449996948242,0.30019998550415,0.2129,0.2199,0.0047,0.0142,0.0534,9e-4,0.0702,0.0044,0.0103,2016-10-23T00:00:00Z,-2,lovapm002a,16565.2319355436
6902742,61.7323493333333,-58.4157773333333,39.0979995727539,0.30019998550415,0.2202,0.2271,0.0044,0.0141,0.0579,0.001,0.072,0.0044,0.0114,2016-10-23T00:00:00Z,-2,lovapm002a,16565.2319355436
6902742,61.7323493333333,-58.4157773333333,50.0880012512207,0.30019998550415,0.2219,0.2293,0.0048,0.0146,0.0574,0.001,0.0732,0.0045,0.0111,2016-10-23T00:00:00Z,-2,lovapm002a,16565.2319355436
6902742,61.7323493333333,-58.4157773333333,75.0640029907227,0.30019998550415,0.2292,0.2362,0.0041,0.0153,0.0573,0.001,0.0771,0.0044,0.0127,2016-10-23T00:00:00Z,-2,lovapm002a,16565.2319355436
6902742,61.7323493333333,-58.4157773333333,101.998001098633,0.30019998550415,0.2404,0.2404,0.0039,0.0178,0.0573,9e-4,0.0847,0.0046,0.0136,2016-10-23T00:00:00Z,-2,lovapm002a,16565.2319355436
6902742,61.7323493333333,-58.4157773333333,149.057998657227,0.140599995851517,0.1309,0.1309,0,0.0118,0.0242,6e-4,0.0459,0.0028,0.0112,2016-10-23T00:00:00Z,-2,lovapm002a,16565.2319355436
6902742,61.7323493333333,-58.4157773333333,200.031005859375,0.0608000010251999,0.0124,0.0124,0,0.0014,9e-4,0,0.0064,4e-4,0,2016-10-23T00:00:00Z,-2,lovapm002a,16565.2319355436
6902742,61.7323493333333,-58.4157773333333,249.020004272461,0.00760000012814999,0.0043,0.0043,0,0,0,0,0.0021,0,0,2016-10-23T00:00:00Z,-2,lovapm002a,16565.2319355436
6902742,61.7323493333333,-58.4157773333333,499.851989746094,0.00380000006407499,0.003,0.003,0,0,0,0,0.0017,0,0,2016-10-23T00:00:00Z,-2,lovapm002a,16565.2319355436
6902742,61.7323493333333,-58.4157773333333,11.0690002441406,0.30019998550415,0.2183,0.2243,0.0039,0.0141,0.0552,0.0012,0.0701,0.0045,0.0119,2016-10-23T00:00:00Z,-2,lovapm002a,16565.2319355436
6902742,61.7323493333333,-58.4157773333333,20.0869998931885,0.30019998550415,0.2204,0.2273,0.0043,0.014,0.0571,0.0012,0.0722,0.0044,0.0119,2016-10-23T00:00:00Z,-2,lovapm002a,16565.2319355436
6902742,61.7323493333333,-58.4157773333333,29.9449996948242,0.30019998550415,0.2129,0.2199,0.0047,0.0142,0.0534,9e-4,0.0702,0.0044,0.0103,2016-10-23T00:00:00Z,-2,lovapm002a,16565.2319355436
6902742,61.7323493333333,-58.4157773333333,39.0979995727539,0.30019998550415,0.2202,0.2271,0.0044,0.0141,0.0579,0.001,0.072,0.0044,0.0114,2016-10-23T00:00:00Z,-2,lovapm002a,16565.2319355436
6902742,61.7323493333333,-58.4157773333333,50.0880012512207,0.30019998550415,0.2219,0.2293,0.0048,0.0146,0.0574,0.001,0.0732,0.0045,0.0111,2016-10-23T00:00:00Z,-2,lovapm002a,16565.2319355436
6902742,61.7323493333333,-58.4157773333333,75.0640029907227,0.30019998550415,0.2292,0.2362,0.0041,0.0153,0.0573,0.001,0.0771,0.0044,0.0127,2016-10-23T00:00:00Z,-2,lovapm002a,16565.2319355436
6902742,61.7323493333333,-58.4157773333333,101.998001098633,0.30019998550415,0.2404,0.2404,0.0039,0.0178,0.0573,9e-4,0.0847,0.0046,0.0136,2016-10-23T00:00:00Z,-2,lovapm002a,16565.2319355436
6902742,61.7323493333333,-58.4157773333333,149.057998657227,0.140599995851517,0.1309,0.1309,0,0.0118,0.0242,6e-4,0.0459,0.0028,0.0112,2016-10-23T00:00:00Z,-2,lovapm002a,16565.2319355436
6902742,61.7323493333333,-58.4157773333333,200.031005859375,0.0608000010251999,0.0124,0.0124,0,0.0014,9e-4,0,0.0064,4e-4,0,2016-10-23T00:00:00Z,-2,lovapm002a,16565.2319355436
6902742,61.7323493333333,-58.4157773333333,249.020004272461,0.00760000012814999,0.0043,0.0043,0,0,0,0,0.0021,0,0,2016-10-23T00:00:00Z,-2,lovapm002a,16565.2319355436
6902742,61.7323493333333,-58.4157773333333,499.851989746094,0.00380000006407499,0.003,0.003,0,0,0,0,0.0017,0,0,2016-10-23T00:00:00Z,-2,lovapm002a,16565.2319355436
6902743,61.5669358333333,-58.4537678333333,10.9219999313354,0.399599999189377,0.2183,0.2243,0.0039,0.0141,0.0552,0.0012,0.0701,0.0045,0.0119,2016-10-21T00:00:00Z,0,lovapm004a,6487.167591995429
6902743,61.5669358333333,-58.4537678333333,20.0960006713867,0.349200010299683,0.2204,0.2273,0.0043,0.014,0.0571,0.0012,0.0722,0.0044,0.0119,2016-10-21T00:00:00Z,0,lovapm004a,6487.167591995429
6902743,61.5669358333333,-58.4537678333333,29.9549999237061,0.349200010299683,0.2129,0.2199,0.0047,0.0142,0.0534,9e-4,0.0702,0.0044,0.0103,2016-10-21T00:00:00Z,0,lovapm004a,6487.167591995429
6902743,61.5669358333333,-58.4537678333333,74.9800033569336,0.334800004959106,0.2292,0.2362,0.0041,0.0153,0.0573,0.001,0.0771,0.0044,0.0127,2016-10-21T00:00:00Z,0,lovapm004a,6487.167591995429
6902743,61.5669358333333,-58.4537678333333,101.952003479004,0.421200007200241,0.2404,0.2404,0.0039,0.0178,0.0573,9e-4,0.0847,0.0046,0.0136,2016-10-21T00:00:00Z,0,lovapm004a,6487.167591995429
6902743,61.5669358333333,-58.4537678333333,125.976997375488,0.20160000026226,0.234,0.234,0.0025,0.0182,0.0499,9e-4,0.0819,0.0047,0.0148,2016-10-21T00:00:00Z,0,lovapm004a,6487.167591995429
6902743,61.5669358333333,-58.4537678333333,149.095993041992,0.151199996471405,0.1309,0.1309,0,0.0118,0.0242,6e-4,0.0459,0.0028,0.0112,2016-10-21T00:00:00Z,0,lovapm004a,6487.167591995429
6902743,61.5669358333333,-58.4537678333333,200.102996826172,0.0432000011205673,0.0124,0.0124,0,0.0014,9e-4,0,0.0064,4e-4,0,2016-10-21T00:00:00Z,0,lovapm004a,6487.167591995429
6902743,61.5669358333333,-58.4537678333333,249.011001586914,0.0252000000327826,0.0043,0.0043,0,0,0,0,0.0021,0,0,2016-10-21T00:00:00Z,0,lovapm004a,6487.167591995429
6901032,7.90396166666667,43.37941,5.21999979019165,0.638750016689301,0.9132,0.9485,0.0092,0.0771,0.2627,0.0683,0.0771,0.0497,0.0909,2012-11-25T00:00:00Z,-1,lovbio001i,1946.9652768954827
6901032,7.90396166666667,43.37941,9.5,0.638750016689301,0.9406,0.976,0.0096,0.0819,0.2718,0.0678,0.0831,0.0505,0.0965,2012-11-25T00:00:00Z,-1,lovbio001i,1946.9652768954827
6901032,7.90396166666667,43.37941,9.60000038146973,0.638750016689301,0.9406,0.976,0.0096,0.0819,0.2718,0.0678,0.0831,0.0505,0.0965,2012-11-25T00:00:00Z,-1,lovbio001i,1946.9652768954827
6901032,7.90396166666667,43.37941,9.80000019073486,0.638750016689301,0.9406,0.976,0.0096,0.0819,0.2718,0.0678,0.0831,0.0505,0.0965,2012-11-25T00:00:00Z,-1,lovbio001i,1946.9652768954827
6901032,7.90396166666667,43.37941,10,0.638750016689301,0.9406,0.976,0.0096,0.0819,0.2718,0.0678,0.0831,0.0505,0.0965,2012-11-25T00:00:00Z,-1,lovbio001i,1946.9652768954827
6901032,7.90396166666667,43.37941,19.9200000762939,0.678900003433228,0.7846,0.8437,0.0093,0.0799,0.2137,0.0545,0.098,0.0338,0.1031,2012-11-25T00:00:00Z,-1,lovbio001i,1946.9652768954827
6901032,7.90396166666667,43.37941,30.2000007629395,0.667949974536896,0.5127,0.5515,0.0079,0.0579,0.1166,0.0297,0.0868,0.0176,0.0812,2012-11-25T00:00:00Z,-1,lovbio001i,1946.9652768954827
6901032,7.90396166666667,43.37941,38.7200012207031,0.400445550680161,0.422,0.4533,0.0073,0.0455,0.0945,0.0241,0.0706,0.0167,0.0606,2012-11-25T00:00:00Z,-1,lovbio001i,1946.9652768954827
6901032,7.90396166666667,43.37941,59.6199989318848,0.189394444227219,0.2351,0.2571,0.0043,0.029,0.0507,0.0123,0.0473,0.008,0.0332,2012-11-25T00:00:00Z,-1,lovbio001i,1946.9652768954827
6901032,7.90396166666667,43.37941,69.5199966430664,0.134976997971535,0.1682,0.2047,0.0038,0.0295,0.042,0.0124,0.0235,0.0063,0.0277,2012-11-25T00:00:00Z,-1,lovbio001i,1946.9652768954827
6901032,7.90396166666667,43.37941,80.120002746582,0.124166361987591,0.1052,0.1329,0.0019,0.0244,0.0257,0.0065,0.0143,0.0042,0.0203,2012-11-25T00:00:00Z,-1,lovbio001i,1946.9652768954827
6901032,7.90396166666667,43.37941,149.820007324219,0.0251850001513958,0.0404,0.0404,-1,0.0102,0.0067,5e-4,0.0072,0.0022,0.0044,2012-11-25T00:00:00Z,-1,lovbio001i,1946.9652768954827
6901032,7.90396166666667,43.37941,199.919998168945,0.00365000008605421,0.0077,0.0077,-1,0.0015,0.001,2e-4,0.0016,6e-4,6e-4,2012-11-25T00:00:00Z,-1,lovbio001i,1946.9652768954827
6901521,-50.3322166666667,58.6959733333333,23.5,0.572399973869324,0.721,0.7293,0.1117,0.0506,0.1239,0.0027,0.1234,0.0117,0.0822,2013-05-15T00:00:00Z,0,lovbio011b,7914.951661771979
6901521,-50.3322166666667,58.6959733333333,24.3400001525879,0.603720009326935,0.721,0.7293,0.1117,0.0506,0.1239,0.0027,0.1234,0.0117,0.0822,2013-05-15T00:00:00Z,0,lovbio011b,7914.951661771979
6901521,-50.3322166666667,58.6959733333333,50,0.705600023269653,0.7506,0.7573,0.1238,0.0515,0.1327,0.003,0.1242,0.0123,0.0839,2013-05-15T00:00:00Z,0,lovbio011b,7914.951661771979
6901521,-50.3322166666667,58.6959733333333,101.139999389648,0.135072007775307,0.3698,0.3698,0.0086,0.0202,0.0617,0.0021,0.0762,0.0067,0.0609,2013-05-15T00:00:00Z,0,lovbio011b,7914.951661771979
6901522,-51.4341366666667,57.78071,8.69999980926514,0.671599984169006,0.7549,0.7549,0.0695,0.05,0.1139,0.0029,0.201,0.0143,0.0735,2013-05-15T00:00:00Z,-1,lovbio012b,6210.796108360132
6901522,-51.4341366666667,57.78071,8.80000019073486,0.671599984169006,0.7549,0.7549,0.0695,0.05,0.1139,0.0029,0.201,0.0143,0.0735,2013-05-15T00:00:00Z,-1,lovbio012b,6210.796108360132
6901522,-51.4341366666667,57.78071,8.89999961853027,0.671599984169006,0.7549,0.7549,0.0695,0.05,0.1139,0.0029,0.201,0.0143,0.0735,2013-05-15T00:00:00Z,-1,lovbio012b,6210.796108360132
6901522,-51.4341366666667,57.78071,9.02000045776367,0.671599984169006,0.7549,0.7549,0.0695,0.05,0.1139,0.0029,0.201,0.0143,0.0735,2013-05-15T00:00:00Z,-1,lovbio012b,6210.796108360132
6901522,-51.4341366666667,57.78071,9.19999980926514,0.671599984169006,0.7549,0.7549,0.0695,0.05,0.1139,0.0029,0.201,0.0143,0.0735,2013-05-15T00:00:00Z,-1,lovbio012b,6210.796108360132
6901522,-51.4341366666667,57.78071,9.34000015258789,0.671599984169006,0.7549,0.7549,0.0695,0.05,0.1139,0.0029,0.201,0.0143,0.0735,2013-05-15T00:00:00Z,-1,lovbio012b,6210.796108360132
6901522,-51.4341366666667,57.78071,20.5200004577637,0.671599984169006,0.7727,0.7727,0.0673,0.0424,0.1027,0.0016,0.1802,0.0111,0.0765,2013-05-15T00:00:00Z,-1,lovbio012b,6210.796108360132
6901522,-51.4341366666667,57.78071,28.7999992370605,0.671599984169006,0.7865,0.7865,0.0606,0.0455,0.1084,0.003,0.2021,0.0124,0.0736,2013-05-15T00:00:00Z,-1,lovbio012b,6210.796108360132
6901522,-51.4341366666667,57.78071,39.3199996948242,0.671599984169006,0.7851,0.7851,0.053900000000000003,0.0468,0.1048,0.0035,0.2157,0.0125,0.073,2013-05-15T00:00:00Z,-1,lovbio012b,6210.796108360132
6901522,-51.4341366666667,57.78071,48.8199996948242,0.675323009490967,0.723,0.723,0.0462,0.0438,0.096,0.0032,0.2014,0.0124,0.0669,2013-05-15T00:00:00Z,-1,lovbio012b,6210.796108360132
6901522,-51.4341366666667,57.78071,59.6199989318848,0.51793497800827,0.6936,0.6936,0.0414,0.0385,0.0887,0.0027,0.1815,0.0099,0.0755,2013-05-15T00:00:00Z,-1,lovbio012b,6210.796108360132
6901522,-51.4341366666667,57.78071,78.7200012207031,0.380329996347427,0.6922,0.6922,0.037,0.043,0.0966,0.003,0.1974,0.011,0.0615,2013-05-15T00:00:00Z,-1,lovbio012b,6210.796108360132
6901522,-51.4341366666667,57.78071,101.220001220703,0.34256911277771,0.6731,0.6731,0.0365,0.0401,0.099,0.0038,0.1826,0.0109,0.0661,2013-05-15T00:00:00Z,-1,lovbio012b,6210.796108360132
6901522,-51.4341366666667,57.78071,123.720001220703,0.0905761569738388,0.5669,0.5669,0.0396,0.0279,0.0941,9e-4,0.1143,0.0065,0.0573,2013-05-15T00:00:00Z,-1,lovbio012b,6210.796108360132
6901522,-51.4341366666667,57.78071,150.020004272461,0.0464392304420471,0.4564,0.4564,0.0132,0.0341,0.085,0.0034,0.1006,0.0084,0.0457,2013-05-15T00:00:00Z,-1,lovbio012b,6210.796108360132
6901522,-51.4341366666667,57.78071,177.199996948242,0.0328500010073185,0.0913,0.0913,0,0.0056,0.017,7e-4,0.0193,0.0018,0.0152,2013-05-15T00:00:00Z,-1,lovbio012b,6210.796108360132
6901522,-51.4341366666667,57.78071,200.520004272461,0.0255500003695488,0.0359,0.0359,0,0.0027,0.0075,5e-4,0.0079,0.0013,0.006,2013-05-15T00:00:00Z,-1,lovbio012b,6210.796108360132
6901522,-51.4341366666667,57.78071,201.399993896484,0.0255500003695488,0.0359,0.0359,0,0.0027,0.0075,5e-4,0.0079,0.0013,0.006,2013-05-15T00:00:00Z,-1,lovbio012b,6210.796108360132
6901520,-20.6861633333333,62.7759683333333,9.61999988555908,0.317550003528595,0.0959,0.0959,0,0.0196,0.0499,0.0073,0.0157,0.04,0.0138,2013-04-18T00:00:00Z,-1,lovbio013b,6484.086618350418
6901520,-20.6861633333333,62.7759683333333,10.5,0.317550003528595,0.0959,0.0959,0,0.0196,0.0499,0.0073,0.0157,0.04,0.0138,2013-04-18T00:00:00Z,-1,lovbio013b,6484.086618350418
6901520,-20.6861633333333,62.7759683333333,30.1200008392334,0.317550003528595,0.1057,0.1057,0,0.0256,0.0701,0.0072,0.0191,0.0273,0.0187,2013-04-18T00:00:00Z,-1,lovbio013b,6484.086618350418
6901520,-20.6861633333333,62.7759683333333,69.7200012207031,0.262800008058548,0.06,0.06,0,0.0185,0.0389,0.004,0.0135,0.0128,0.0105,2013-04-18T00:00:00Z,-1,lovbio013b,6484.086618350418
6901520,-20.6861633333333,62.7759683333333,100.419998168945,0.171550005674362,0.0742,0.0742,0,0.0214,0.0439,0.0043,0.0141,0.0217,0.0117,2013-04-18T00:00:00Z,-1,lovbio013b,6484.086618350418
6901520,-20.6861633333333,62.7759683333333,120.319999694824,0.131400004029274,0.0121,0.0121,0,0.0043,0.0088,0.001,0.0033,0.0021,0.0022,2013-04-18T00:00:00Z,-1,lovbio013b,6484.086618350418
6901520,-20.6861633333333,62.7759683333333,149.820007324219,0.171483635902405,0.0532,0.0532,0,0.0124,0.0281,0.0034,0.0098,0.0165,0.0075,2013-04-18T00:00:00Z,-1,lovbio013b,6484.086618350418
6901520,-20.6861633333333,62.7759683333333,180.020004272461,0.207320004701614,0.02,0.02,0,0.0062,0.0126,0.001,0.0043,0.005,0.0031,2013-04-18T00:00:00Z,-1,lovbio013b,6484.086618350418
6901520,-20.6861633333333,62.7759683333333,200.220001220703,0.208116367459297,0.0317,0.0317,0,0.0097,0.0196,0.0014,0.0063,0.0082,0.0043,2013-04-18T00:00:00Z,-1,lovbio013b,6484.086618350418
6901520,-20.6861633333333,62.7759683333333,240.320007324219,0.164250001311302,0.0369,0.0369,0,0.0112,0.0236,0.0014,0.0077,0.0105,0.0046,2013-04-18T00:00:00Z,-1,lovbio013b,6484.086618350418
6901524,-50.35781,58.6771416666667,24.2199993133545,0.569399952888489,0.721,0.7293,0.1117,0.0506,0.1239,0.0027,0.1234,0.0117,0.0822,2013-05-15T00:00:00Z,0,lovbio014b,5348.50705902532
6901524,-50.35781,58.6771416666667,49.7200012207031,0.659108579158783,0.7506,0.7573,0.1238,0.0515,0.1327,0.003,0.1242,0.0123,0.0839,2013-05-15T00:00:00Z,0,lovbio014b,5348.50705902532
6901524,-50.35781,58.6771416666667,101.019996643066,0.446399986743927,0.3698,0.3698,0.0086,0.0202,0.0617,0.0021,0.0762,0.0067,0.0609,2013-05-15T00:00:00Z,0,lovbio014b,5348.50705902532
6901524,-50.35781,58.6771416666667,220.300003051758,0.0108000002801418,0.0191,0.0191,0,0.0015,0.0031,0.001,0.0046,0,0.0023,2013-05-15T00:00:00Z,0,lovbio014b,5348.50705902532
6901512,4.74298833333333,41.938735,53.7200012207031,0.342900931835175,0.5322,0.5322,0,0.0206,0.0713,0.0053,0.1664,0.0098,NA,2013-04-09T00:00:00Z,0,lovbio017b,8775.615974698263
6901512,4.74298833333333,41.938735,106.419998168945,0.31741726398468,0.4153,0.4153,0,0.0161,0.0517,0.004,0.1313,0.006,NA,2013-04-09T00:00:00Z,0,lovbio017b,8775.615974698263
6901512,4.74298833333333,41.938735,153.419998168945,0.108769997954369,0.0877,0.0877,0,0.0044,0.0101,0.0016,0.0285,0.0013,NA,2013-04-09T00:00:00Z,0,lovbio017b,8775.615974698263
6901512,4.74298833333333,41.938735,208.820007324219,0.0182499997317791,0.0243,0.0243,0,0.0012,0.0028,6e-4,0.0075,7e-4,NA,2013-04-09T00:00:00Z,0,lovbio017b,8775.615974698263
6901515,-20.7432536154154,62.7736499347364,9.60000038146973,0.25874999165535,0.0959,0.0959,0,0.0196,0.0499,0.0073,0.0157,0.04,0.0138,2013-04-18T00:00:00Z,-1,lovbio020b,8096.528127840863
6901515,-20.7432536154154,62.7736499347364,9.69999980926514,0.25874999165535,0.0959,0.0959,0,0.0196,0.0499,0.0073,0.0157,0.04,0.0138,2013-04-18T00:00:00Z,-1,lovbio020b,8096.528127840863
6901515,-20.7432536154154,62.7736499347364,9.80000019073486,0.25874999165535,0.0959,0.0959,0,0.0196,0.0499,0.0073,0.0157,0.04,0.0138,2013-04-18T00:00:00Z,-1,lovbio020b,8096.528127840863
6901515,-20.7432536154154,62.7736499347364,10,0.25874999165535,0.0959,0.0959,0,0.0196,0.0499,0.0073,0.0157,0.04,0.0138,2013-04-18T00:00:00Z,-1,lovbio020b,8096.528127840863
6901515,-20.7432536154154,62.7736499347364,29.8199996948242,0.25874999165535,0.1057,0.1057,0,0.0256,0.0701,0.0072,0.0191,0.0273,0.0187,2013-04-18T00:00:00Z,-1,lovbio020b,8096.528127840863
6901515,-20.7432536154154,62.7736499347364,69.7200012207031,0.194999992847443,0.06,0.06,0,0.0185,0.0389,0.004,0.0135,0.0128,0.0105,2013-04-18T00:00:00Z,-1,lovbio020b,8096.528127840863
6901515,-20.7432536154154,62.7736499347364,100.040000915527,0.157499998807907,0.0742,0.0742,0,0.0214,0.0439,0.0043,0.0141,0.0217,0.0117,2013-04-18T00:00:00Z,-1,lovbio020b,8096.528127840863
6901515,-20.7432536154154,62.7736499347364,119.940002441406,0.0973499938845634,0.0121,0.0121,0,0.0043,0.0088,0.001,0.0033,0.0021,0.0022,2013-04-18T00:00:00Z,-1,lovbio020b,8096.528127840863
6901515,-20.7432536154154,62.7736499347364,149.539993286133,0.109200000762939,0.0532,0.0532,0,0.0124,0.0281,0.0034,0.0098,0.0165,0.0075,2013-04-18T00:00:00Z,-1,lovbio020b,8096.528127840863
6901515,-20.7432536154154,62.7736499347364,180.139999389648,0.198750004172325,0.02,0.02,0,0.0062,0.0126,0.001,0.0043,0.005,0.0031,2013-04-18T00:00:00Z,-1,lovbio020b,8096.528127840863
6901515,-20.7432536154154,62.7736499347364,199.940002441406,0.205977275967598,0.0317,0.0317,0,0.0097,0.0196,0.0014,0.0063,0.0082,0.0043,2013-04-18T00:00:00Z,-1,lovbio020b,8096.528127840863
6901515,-20.7432536154154,62.7736499347364,240.139999389648,0.191249996423721,0.0369,0.0369,0,0.0112,0.0236,0.0014,0.0077,0.0105,0.0046,2013-04-18T00:00:00Z,-1,lovbio020b,8096.528127840863
6901526,-50.3579616666667,58.6709416666667,24.3199996948242,0.81360000371933,0.721,0.7293,0.1117,0.0506,0.1239,0.0027,0.1234,0.0117,0.0822,2013-05-16T00:00:00Z,-1,lovbio021c,4823.486954409617
6901526,-50.3579616666667,58.6709416666667,49.6199989318848,0.828720033168793,0.7506,0.7573,0.1238,0.0515,0.1327,0.003,0.1242,0.0123,0.0839,2013-05-16T00:00:00Z,-1,lovbio021c,4823.486954409617
6901526,-50.3579616666667,58.6709416666667,50.4199981689453,0.857360005378723,0.7506,0.7573,0.1238,0.0515,0.1327,0.003,0.1242,0.0123,0.0839,2013-05-16T00:00:00Z,-1,lovbio021c,4823.486954409617
6901526,-50.3579616666667,58.6709416666667,100.800003051758,0.558000028133392,0.3698,0.3698,0.0086,0.0202,0.0617,0.0021,0.0762,0.0067,0.0609,2013-05-16T00:00:00Z,-1,lovbio021c,4823.486954409617
6901526,-50.3579616666667,58.6709416666667,220.320007324219,0.0361799970269203,0.0191,0.0191,0,0.0015,0.0031,0.001,0.0046,0,0.0023,2013-05-16T00:00:00Z,-1,lovbio021c,4823.486954409617
6901516,-20.6829666666667,62.7703366666667,9.52000045776367,0.327600002288818,0.0959,0.0959,0,0.0196,0.0499,0.0073,0.0157,0.04,0.0138,2013-04-18T00:00:00Z,-1,lovbio022b,5855.836450635829
6901516,-20.6829666666667,62.7703366666667,9.69999980926514,0.327600002288818,0.0959,0.0959,0,0.0196,0.0499,0.0073,0.0157,0.04,0.0138,2013-04-18T00:00:00Z,-1,lovbio022b,5855.836450635829
6901516,-20.6829666666667,62.7703366666667,10.4200000762939,0.327600002288818,0.0959,0.0959,0,0.0196,0.0499,0.0073,0.0157,0.04,0.0138,2013-04-18T00:00:00Z,-1,lovbio022b,5855.836450635829
6901516,-20.6829666666667,62.7703366666667,30.1200008392334,0.327600002288818,0.1057,0.1057,0,0.0256,0.0701,0.0072,0.0191,0.0273,0.0187,2013-04-18T00:00:00Z,-1,lovbio022b,5855.836450635829
6901516,-20.6829666666667,62.7703366666667,70.2200012207031,0.212559998035431,0.06,0.06,0,0.0185,0.0389,0.004,0.0135,0.0128,0.0105,2013-04-18T00:00:00Z,-1,lovbio022b,5855.836450635829
6901516,-20.6829666666667,62.7703366666667,99.6999969482422,0.158399999141693,0.0742,0.0742,0,0.0214,0.0439,0.0043,0.0141,0.0217,0.0117,2013-04-18T00:00:00Z,-1,lovbio022b,5855.836450635829
6901516,-20.6829666666667,62.7703366666667,120.019996643066,0.158255994319916,0.0121,0.0121,0,0.0043,0.0088,0.001,0.0033,0.0021,0.0022,2013-04-18T00:00:00Z,-1,lovbio022b,5855.836450635829
6901516,-20.6829666666667,62.7703366666667,149.5,0.0179999992251396,0.0532,0.0532,0,0.0124,0.0281,0.0034,0.0098,0.0165,0.0075,2013-04-18T00:00:00Z,-1,lovbio022b,5855.836450635829
6901516,-20.6829666666667,62.7703366666667,180.100006103516,0.00359999993816018,0.02,0.02,0,0.0062,0.0126,0.001,0.0043,0.005,0.0031,2013-04-18T00:00:00Z,-1,lovbio022b,5855.836450635829
6901516,-20.6829666666667,62.7703366666667,200.220001220703,0.00706909084692597,0.0317,0.0317,0,0.0097,0.0196,0.0014,0.0063,0.0082,0.0043,2013-04-18T00:00:00Z,-1,lovbio022b,5855.836450635829
6901516,-20.6829666666667,62.7703366666667,239.699996948242,0.172800004482269,0.0369,0.0369,0,0.0112,0.0236,0.0014,0.0077,0.0105,0.0046,2013-04-18T00:00:00Z,-1,lovbio022b,5855.836450635829
6901517,-20.7164516666667,62.77501,5.19999980926514,0.291999995708466,0.1034,0.1034,0,0.0217,0.0529,0.0073,0.0167,0.045,0.0154,2013-04-18T00:00:00Z,-1,lovbio023b,7260.681366930605
6901517,-20.7164516666667,62.77501,5.30000019073486,0.291999995708466,0.1034,0.1034,0,0.0217,0.0529,0.0073,0.0167,0.045,0.0154,2013-04-18T00:00:00Z,-1,lovbio023b,7260.681366930605
6901517,-20.7164516666667,62.77501,5.42000007629395,0.291999995708466,0.1034,0.1034,0,0.0217,0.0529,0.0073,0.0167,0.045,0.0154,2013-04-18T00:00:00Z,-1,lovbio023b,7260.681366930605
6901517,-20.7164516666667,62.77501,9.61999988555908,0.291999995708466,0.0959,0.0959,0,0.0196,0.0499,0.0073,0.0157,0.04,0.0138,2013-04-18T00:00:00Z,-1,lovbio023b,7260.681366930605
6901517,-20.7164516666667,62.77501,29.9200000762939,0.291999995708466,0.1057,0.1057,0,0.0256,0.0701,0.0072,0.0191,0.0273,0.0187,2013-04-18T00:00:00Z,-1,lovbio023b,7260.681366930605
6901517,-20.7164516666667,62.77501,70.4199981689453,0.189335450530052,0.06,0.06,0,0.0185,0.0389,0.004,0.0135,0.0128,0.0105,2013-04-18T00:00:00Z,-1,lovbio023b,7260.681366930605
6901517,-20.7164516666667,62.77501,120.319999694824,0.0403184629976749,0.0121,0.0121,0,0.0043,0.0088,0.001,0.0033,0.0021,0.0022,2013-04-18T00:00:00Z,-1,lovbio023b,7260.681366930605
6901517,-20.7164516666667,62.77501,150.419998168945,0.0183716658502817,0.0532,0.0532,0,0.0124,0.0281,0.0034,0.0098,0.0165,0.0075,2013-04-18T00:00:00Z,-1,lovbio023b,7260.681366930605
6901517,-20.7164516666667,62.77501,179.919998168945,0.00365000008605421,0.02,0.02,0,0.0062,0.0126,0.001,0.0043,0.005,0.0031,2013-04-18T00:00:00Z,-1,lovbio023b,7260.681366930605
6901517,-20.7164516666667,62.77501,199.800003051758,0.0401500016450882,0.0317,0.0317,0,0.0097,0.0196,0.0014,0.0063,0.0082,0.0043,2013-04-18T00:00:00Z,-1,lovbio023b,7260.681366930605
6901517,-20.7164516666667,62.77501,240.300003051758,0.105850003659725,0.0369,0.0369,0,0.0112,0.0236,0.0014,0.0077,0.0105,0.0046,2013-04-18T00:00:00Z,-1,lovbio023b,7260.681366930605
6901480,-30.1875916666667,62.7861783333333,8.618571553911483,3.53684997558594,0.2225,0.2225,0,0.0074,0.1107,0.0151,0.1154,0.0177,0.0172,2013-06-17T00:00:00Z,-1,lovbio024c,6899.241224630454
6901480,-30.1875916666667,62.7861783333333,22.0200004577637,4.30261993408203,0.1921,0.1921,0,0.0088,0.1183,0.0234,0.1099,0.0076,0.0167,2013-06-17T00:00:00Z,-1,lovbio024c,6899.241224630454
6901480,-30.1875916666667,62.7861783333333,29.9049997329712,3.7921878695487976,0.2996,0.2996,0,0.0215,0.2272,0.0061,0.3006,0.0035,0.0082,2013-06-17T00:00:00Z,-1,lovbio024c,6899.241224630454
6901480,-30.1875916666667,62.7861783333333,50.170000076293945,0.21440099179744698,0.1233,0.1233,0,0.0043,0.044,0.0177,0.0883,0.005,0.0078,2013-06-17T00:00:00Z,-1,lovbio024c,6899.241224630454
6901480,-30.1875916666667,62.7861783333333,99.95599822998034,0.0349426668137312,0.0044,0.0044,0,4e-4,0.0027,0.0039,0.0029,4e-4,0,2013-06-17T00:00:00Z,-1,lovbio024c,6899.241224630454
6901480,-30.1875916666667,62.7861783333333,199.770004272461,-9.111174258578094e-4,0.0034,0.0034,0,4e-4,0.0015,0.002,0.0024,6e-4,0,2013-06-17T00:00:00Z,-1,lovbio024c,6899.241224630454
6901481,-30.1821916666667,62.7921783333333,8.53454537825151,4.624036528847434,0.2225,0.2225,0,0.0074,0.1107,0.0151,0.1154,0.0177,0.0172,2013-06-17T00:00:00Z,-1,lovbio026c,7523.101852630371
6901481,-30.1821916666667,62.7921783333333,22.4200000762939,3.6943199634552,0.1921,0.1921,0,0.0088,0.1183,0.0234,0.1099,0.0076,0.0167,2013-06-17T00:00:00Z,-1,lovbio026c,7523.101852630371
6901481,-30.1821916666667,62.7921783333333,49.699999999999996,0.3099508464336396,0.1233,0.1233,0,0.0043,0.044,0.0177,0.0883,0.005,0.0078,2013-06-17T00:00:00Z,-1,lovbio026c,7523.101852630371
6901481,-30.1821916666667,62.7921783333333,99.99499893188465,0.07277400046586983,0.0044,0.0044,0,4e-4,0.0027,0.0039,0.0029,4e-4,0,2013-06-17T00:00:00Z,-1,lovbio026c,7523.101852630371
6901481,-30.1821916666667,62.7921783333333,199.8200012207032,0.005760000000009317,0.0034,0.0034,0,4e-4,0.0015,0.002,0.0024,6e-4,0,2013-06-17T00:00:00Z,-1,lovbio026c,7523.101852630371
6901482,-30.1830883333333,62.7881033333333,8.555000066757202,2.7197062373161325,0.2225,0.2225,0,0.0074,0.1107,0.0151,0.1154,0.0177,0.0172,2013-06-17T00:00:00Z,-1,lovbio027b,7211.22808893316
6901482,-30.1830883333333,62.7881033333333,19.6200008392334,5.09580516815186,0.1921,0.1921,0,0.0088,0.1183,0.0234,0.1099,0.0076,0.0167,2013-06-17T00:00:00Z,-1,lovbio027b,7211.22808893316
6901482,-30.1830883333333,62.7881033333333,30.280000050862633,3.63015158971151,0.2996,0.2996,0,0.0215,0.2272,0.0061,0.3006,0.0035,0.0082,2013-06-17T00:00:00Z,-1,lovbio027b,7211.22808893316
6901482,-30.1830883333333,62.7881033333333,50.545000076293974,0.28108650445938127,0.1233,0.1233,0,0.0043,0.044,0.0177,0.0883,0.005,0.0078,2013-06-17T00:00:00Z,-1,lovbio027b,7211.22808893316
6901482,-30.1830883333333,62.7881033333333,99.94666544596348,0.045630407209197685,0.0044,0.0044,0,4e-4,0.0027,0.0039,0.0029,4e-4,0,2013-06-17T00:00:00Z,-1,lovbio027b,7211.22808893316
6901482,-30.1830883333333,62.7881033333333,199.79500198364252,0.004562500165775417,0.0034,0.0034,0,4e-4,0.0015,0.002,0.0024,6e-4,0,2013-06-17T00:00:00Z,-1,lovbio027b,7211.22808893316
6901523,-50.3365933333333,58.62399,23.5200004577637,0.770150005817413,0.721,0.7293,0.1117,0.0506,0.1239,0.0027,0.1234,0.0117,0.0822,2013-05-15T00:00:00Z,0,lovbio028b,4906.188815250532
6901523,-50.3365933333333,58.62399,101.120002746582,0.504373848438263,0.3698,0.3698,0.0086,0.0202,0.0617,0.0021,0.0762,0.0067,0.0609,2013-05-15T00:00:00Z,0,lovbio028b,4906.188815250532
6901523,-50.3365933333333,58.62399,219.820007324219,0.0400770008563995,0.0191,0.0191,0,0.0015,0.0031,0.001,0.0046,0,0.0023,2013-05-15T00:00:00Z,0,lovbio028b,4906.188815250532
6901519,-20.71326,62.77205,6.5,0.273750007152557,0.1034,0.1034,0,0.0217,0.0529,0.0073,0.0167,0.045,0.0154,2013-04-18T00:00:00Z,-1,lovbio029b,6902.918487967735
6901519,-20.71326,62.77205,8.961666703224182,0.273750007152557,0.0959,0.0959,0,0.0196,0.0499,0.0073,0.0157,0.04,0.0138,2013-04-18T00:00:00Z,-1,lovbio029b,6902.918487967735
6901519,-20.71326,62.77205,29.9166669845581,0.273750007152557,0.1057,0.1057,0,0.0256,0.0701,0.0072,0.0191,0.0273,0.0187,2013-04-18T00:00:00Z,-1,lovbio029b,6902.918487967735
6901519,-20.71326,62.77205,70.31600036621093,0.2153646022081376,0.06,0.06,0,0.0185,0.0389,0.004,0.0135,0.0128,0.0105,2013-04-18T00:00:00Z,-1,lovbio029b,6902.918487967735
6901519,-20.71326,62.77205,100.22000122070304,0.1087262004613878,0.0742,0.0742,0,0.0214,0.0439,0.0043,0.0141,0.0217,0.0117,2013-04-18T00:00:00Z,-1,lovbio029b,6902.918487967735
6901519,-20.71326,62.77205,120.2600006103514,0.1919276148080826,0.0121,0.0121,0,0.0043,0.0088,0.001,0.0033,0.0021,0.0022,2013-04-18T00:00:00Z,-1,lovbio029b,6902.918487967735
6901519,-20.71326,62.77205,149.70000305175802,0.1917909055948258,0.0532,0.0532,0,0.0124,0.0281,0.0034,0.0098,0.0165,0.0075,2013-04-18T00:00:00Z,-1,lovbio029b,6902.918487967735
6901519,-20.71326,62.77205,179.05333455403633,0.11929969489574434,0.02,0.02,0,0.0062,0.0126,0.001,0.0043,0.005,0.0031,2013-04-18T00:00:00Z,-1,lovbio029b,6902.918487967735
6901519,-20.71326,62.77205,200.22000122070324,0.05427577625960113,0.0317,0.0317,0,0.0097,0.0196,0.0014,0.0063,0.0082,0.0043,2013-04-18T00:00:00Z,-1,lovbio029b,6902.918487967735
6901519,-20.71326,62.77205,239.7200050354005,0.01636884640902283,0.0369,0.0369,0,0.0112,0.0236,0.0014,0.0077,0.0105,0.0046,2013-04-18T00:00:00Z,-1,lovbio029b,6902.918487967735
6901527,-51.4431616666667,57.78412,9.000000190734864,0.720000028610229,0.7549,0.7549,0.0695,0.05,0.1139,0.0029,0.201,0.0143,0.0735,2013-05-15T00:00:00Z,-1,lovbio030b,6603.108519098949
6901527,-51.4431616666667,57.78412,20.7199993133545,0.720000028610229,0.7727,0.7727,0.0673,0.0424,0.1027,0.0016,0.1802,0.0111,0.0765,2013-05-15T00:00:00Z,-1,lovbio030b,6603.108519098949
6901527,-51.4431616666667,57.78412,28.7999992370605,0.720000028610229,0.7865,0.7865,0.0606,0.0455,0.1084,0.003,0.2021,0.0124,0.0736,2013-05-15T00:00:00Z,-1,lovbio030b,6603.108519098949
6901527,-51.4431616666667,57.78412,48.6199989318848,0.644079983234406,0.723,0.723,0.0462,0.0438,0.096,0.0032,0.2014,0.0124,0.0669,2013-05-15T00:00:00Z,-1,lovbio030b,6603.108519098949
6901527,-51.4431616666667,57.78412,78.7200012207031,0.478720009326935,0.6922,0.6922,0.037,0.043,0.0966,0.003,0.1974,0.011,0.0615,2013-05-15T00:00:00Z,-1,lovbio030b,6603.108519098949
6901527,-51.4431616666667,57.78412,100.919998168945,0.360144019126892,0.6731,0.6731,0.0365,0.0401,0.099,0.0038,0.1826,0.0109,0.0661,2013-05-15T00:00:00Z,-1,lovbio030b,6603.108519098949
6901527,-51.4431616666667,57.78412,123.819999694824,0.0935279950499535,0.5669,0.5669,0.0396,0.0279,0.0941,9e-4,0.1143,0.0065,0.0573,2013-05-15T00:00:00Z,-1,lovbio030b,6603.108519098949
6901527,-51.4431616666667,57.78412,149.970001220703,0.04488799907267095,0.4564,0.4564,0.0132,0.0341,0.085,0.0034,0.1006,0.0084,0.0457,2013-05-15T00:00:00Z,-1,lovbio030b,6603.108519098949
6901527,-51.4431616666667,57.78412,177.119995117188,0.0250560007989407,0.0913,0.0913,0,0.0056,0.017,7e-4,0.0193,0.0018,0.0152,2013-05-15T00:00:00Z,-1,lovbio030b,6603.108519098949
6901527,-51.4431616666667,57.78412,200.820007324219,0.00739636365324259,0.0359,0.0359,0,0.0027,0.0075,5e-4,0.0079,0.0013,0.006,2013-05-15T00:00:00Z,-1,lovbio030b,6603.108519098949
6901489,-30.19393,62.7728616666667,9.670000076293945,1.35780000686646,0.2225,0.2225,0,0.0074,0.1107,0.0151,0.1154,0.0177,0.0172,2013-06-17T00:00:00Z,-1,lovbio031c,5858.775592206414
6901489,-30.19393,62.7728616666667,29.9200000762939,2.24310755729675,0.2996,0.2996,0,0.0215,0.2272,0.0061,0.3006,0.0035,0.0082,2013-06-17T00:00:00Z,-1,lovbio031c,5858.775592206414
6901489,-30.19393,62.7728616666667,99.9699974060057,0.05458777956664565,0.0044,0.0044,0,4e-4,0.0027,0.0039,0.0029,4e-4,0,2013-06-17T00:00:00Z,-1,lovbio031c,5858.775592206414
6901489,-30.19393,62.7728616666667,199.720001220703,0.00365000008605421,0.0034,0.0034,0,4e-4,0.0015,0.002,0.0024,6e-4,0,2013-06-17T00:00:00Z,-1,lovbio031c,5858.775592206414
6901525,-51.4344816666667,57.7780233333333,8.944999933242798,0.744599997997284,0.7549,0.7549,0.0695,0.05,0.1139,0.0029,0.201,0.0143,0.0735,2013-05-15T00:00:00Z,-1,lovbio032b,6340.688522120066
6901525,-51.4344816666667,57.7780233333333,21.3199996948242,0.744599997997284,0.7727,0.7727,0.0673,0.0424,0.1027,0.0016,0.1802,0.0111,0.0765,2013-05-15T00:00:00Z,-1,lovbio032b,6340.688522120066
6901525,-51.4344816666667,57.7780233333333,28.6200008392334,0.744599997997284,0.7865,0.7865,0.0606,0.0455,0.1084,0.003,0.2021,0.0124,0.0736,2013-05-15T00:00:00Z,-1,lovbio032b,6340.688522120066
6901525,-51.4344816666667,57.7780233333333,39.1199989318848,0.692496240139008,0.7851,0.7851,0.053900000000000003,0.0468,0.1048,0.0035,0.2157,0.0125,0.073,2013-05-15T00:00:00Z,-1,lovbio032b,6340.688522120066
6901525,-51.4344816666667,57.7780233333333,49.1199989318848,0.620135009288788,0.723,0.723,0.0462,0.0438,0.096,0.0032,0.2014,0.0124,0.0669,2013-05-15T00:00:00Z,-1,lovbio032b,6340.688522120066
6901525,-51.4344816666667,57.7780233333333,59.5200004577637,0.52952378988266,0.6936,0.6936,0.0414,0.0385,0.0887,0.0027,0.1815,0.0099,0.0755,2013-05-15T00:00:00Z,-1,lovbio032b,6340.688522120066
6901525,-51.4344816666667,57.7780233333333,101.120002746582,0.225651115179062,0.6731,0.6731,0.0365,0.0401,0.099,0.0038,0.1826,0.0109,0.0661,2013-05-15T00:00:00Z,-1,lovbio032b,6340.688522120066
6901525,-51.4344816666667,57.7780233333333,124.019996643066,0.0803000032901764,0.5669,0.5669,0.0396,0.0279,0.0941,9e-4,0.1143,0.0065,0.0573,2013-05-15T00:00:00Z,-1,lovbio032b,6340.688522120066
6901525,-51.4344816666667,57.7780233333333,150.220001220703,0.0546769984066486,0.4564,0.4564,0.0132,0.0341,0.085,0.0034,0.1006,0.0084,0.0457,2013-05-15T00:00:00Z,-1,lovbio032b,6340.688522120066
6901525,-51.4344816666667,57.7780233333333,177.320007324219,0.0329960025846958,0.0913,0.0913,0,0.0056,0.017,7e-4,0.0193,0.0018,0.0152,2013-05-15T00:00:00Z,-1,lovbio032b,6340.688522120066
6901525,-51.4344816666667,57.7780233333333,201.119995117188,0.0327836386859417,0.0359,0.0359,0,0.0027,0.0075,5e-4,0.0079,0.0013,0.006,2013-05-15T00:00:00Z,-1,lovbio032b,6340.688522120066
6901511,4.66796666666667,42.0697566666667,20.7999992370605,0.0287999995052814,0.065,0.065,4e-4,0.0059,0.0124,0.0011,0.0104,0.0021,NA,2013-02-18T00:00:00Z,-13,lovbio035b,4216.7793523856435
6901511,4.66796666666667,42.0697566666667,29.3999996185303,0.0216000005602837,0.0581,0.0581,3e-4,0.0053,0.011,0.001,0.0096,0.0019,NA,2013-02-18T00:00:00Z,-13,lovbio035b,4216.7793523856435
6901511,4.66796666666667,42.0697566666667,48.2999992370605,0.0359999984502792,0.0687,0.0687,6e-4,0.0065,0.0131,0.0012,0.011,0.0023,NA,2013-02-18T00:00:00Z,-13,lovbio035b,4216.7793523856435
6901511,4.66796666666667,42.0697566666667,200.300003051758,0.0432000011205673,0.0574,0.0574,4e-4,0.0059,0.0112,0.001,0.0097,0.0016,NA,2013-02-18T00:00:00Z,-13,lovbio035b,4216.7793523856435
6901004,72.400995,-48.805055,5.40000009536743,2.63159990310669,0.7156,0.7156,0.0093,0.0151,0.0492,0,0.4969,0.0013,0,2015-01-24T00:00:00Z,0,lovbio037c,2339.000217578602
6901004,72.400995,-48.805055,11.8999996185303,2.63159990310669,0.8315,0.8315,0.015,0.0178,0.058,0.0013,0.5059,0.0016,0.0041,2015-01-24T00:00:00Z,0,lovbio037c,2339.000217578602
6901004,72.400995,-48.805055,31.7999992370605,2.63159990310669,0.8597,0.8597,0.0153,0.0148,0.0476,7e-4,0.4986,0.0012,0.0044,2015-01-24T00:00:00Z,0,lovbio037c,2339.000217578602
6901004,72.400995,-48.805055,41.2999992370605,2.63159990310669,0.8558,0.8558,0.0191,0.0157,0.0503,0.001,0.492,0.0013,0.0042,2015-01-24T00:00:00Z,0,lovbio037c,2339.000217578602
6901004,72.400995,-48.805055,51,2.63159990310669,0.9171,0.9171,0.0161,0.0164,0.0544,0.0011,0.5422,0.0016,0.0036,2015-01-24T00:00:00Z,0,lovbio037c,2339.000217578602
6901004,72.400995,-48.805055,76.04999923706055,2.02313995361328,1.4463,1.4463,0.0025,0.0135,0.0267,0,0.7927,0,0.006,2015-01-24T00:00:00Z,0,lovbio037c,2339.000217578602
6901004,72.400995,-48.805055,102.099998474121,0.54720002412796,0.5756,0.5756,0,0.0073,0.0065,0,0.3478,0,0,2015-01-24T00:00:00Z,0,lovbio037c,2339.000217578602
6901004,72.400995,-48.805055,203.399993896484,0.0700363591313362,0.1159,0.1159,0,0.0023,0.0014,0,0.0591,0,0,2015-01-24T00:00:00Z,0,lovbio037c,2339.000217578602
6901514,-20.6948183333333,62.7826816666667,10.2200002670288,0.273750007152557,0.0959,0.0959,0,0.0196,0.0499,0.0073,0.0157,0.04,0.0138,2013-04-18T00:00:00Z,-1,lovbio038b,7352.444023472624
6901514,-20.6948183333333,62.7826816666667,29.7199993133545,0.273750007152557,0.1057,0.1057,0,0.0256,0.0701,0.0072,0.0191,0.0273,0.0187,2013-04-18T00:00:00Z,-1,lovbio038b,7352.444023472624
6901514,-20.6948183333333,62.7826816666667,69.95000076293945,0.2390749976038935,0.06,0.06,0,0.0185,0.0389,0.004,0.0135,0.0128,0.0105,2013-04-18T00:00:00Z,-1,lovbio038b,7352.444023472624
6901514,-20.6948183333333,62.7826816666667,100.099998474121,0.20440000295639,0.0742,0.0742,0,0.0214,0.0439,0.0043,0.0141,0.0217,0.0117,2013-04-18T00:00:00Z,-1,lovbio038b,7352.444023472624
6901514,-20.6948183333333,62.7826816666667,119.599998474121,0.0912500023841858,0.0121,0.0121,0,0.0043,0.0088,0.001,0.0033,0.0021,0.0022,2013-04-18T00:00:00Z,-1,lovbio038b,7352.444023472624
6901514,-20.6948183333333,62.7826816666667,150.020004272461,0.0774463638663292,0.0532,0.0532,0,0.0124,0.0281,0.0034,0.0098,0.0165,0.0075,2013-04-18T00:00:00Z,-1,lovbio038b,7352.444023472624
6901514,-20.6948183333333,62.7826816666667,179.820007324219,0.18575182557106,0.02,0.02,0,0.0062,0.0126,0.001,0.0043,0.005,0.0031,2013-04-18T00:00:00Z,-1,lovbio038b,7352.444023472624
6901514,-20.6948183333333,62.7826816666667,199.720001220703,0.182135000824928,0.0317,0.0317,0,0.0097,0.0196,0.0014,0.0063,0.0082,0.0043,2013-04-18T00:00:00Z,-1,lovbio038b,7352.444023472624
6901514,-20.6948183333333,62.7826816666667,240.119995117188,0.182500004768372,0.0369,0.0369,0,0.0112,0.0236,0.0014,0.0077,0.0105,0.0046,2013-04-18T00:00:00Z,-1,lovbio038b,7352.444023472624
6901484,-30.1743533333333,62.7956033333333,9.170000076293945,2.8871500492095947,0.2225,0.2225,0,0.0074,0.1107,0.0151,0.1154,0.0177,0.0172,2013-06-17T00:00:00Z,-1,lovbio040b,8074.026574398481
6901484,-30.1743533333333,62.7956033333333,21.6399993896484,4.58838701248169,0.1921,0.1921,0,0.0088,0.1183,0.0234,0.1099,0.0076,0.0167,2013-06-17T00:00:00Z,-1,lovbio040b,8074.026574398481
6901484,-30.1743533333333,62.7956033333333,29.2399997711182,2.68471550941467,0.2996,0.2996,0,0.0215,0.2272,0.0061,0.3006,0.0035,0.0082,2013-06-17T00:00:00Z,-1,lovbio040b,8074.026574398481
6901484,-30.1743533333333,62.7956033333333,50.04000027974447,0.3439030001560848,0.1233,0.1233,0,0.0043,0.044,0.0177,0.0883,0.005,0.0078,2013-06-17T00:00:00Z,-1,lovbio040b,8074.026574398481
6901484,-30.1743533333333,62.7956033333333,100.13200073242184,0.06168499737977972,0.0044,0.0044,0,4e-4,0.0027,0.0039,0.0029,4e-4,0,2013-06-17T00:00:00Z,-1,lovbio040b,8074.026574398481
6901484,-30.1743533333333,62.7956033333333,199.72000122070324,0.02545875147916377,0.0034,0.0034,0,4e-4,0.0015,0.002,0.0024,6e-4,0,2013-06-17T00:00:00Z,-1,lovbio040b,8074.026574398481
6901580,72.56412,-48.792305,5.233333269755047,1.30305004119873,0.7156,0.7156,0.0093,0.0151,0.0492,0,0.4969,0.0013,0,2015-01-26T00:00:00Z,-2,lovbio042d,14202.919315206791
6901580,72.56412,-48.792305,11.9200000762939,1.30305004119873,0.8315,0.8315,0.015,0.0178,0.058,0.0013,0.5059,0.0016,0.0041,2015-01-26T00:00:00Z,-2,lovbio042d,14202.919315206791
6901580,72.56412,-48.792305,22.4200000762939,1.30305004119873,0.811,0.811,0.0118,0.0173,0.0546,0.0011,0.4977,0.0014,0.0038,2015-01-26T00:00:00Z,-2,lovbio042d,14202.919315206791
6901580,72.56412,-48.792305,31.9200000762939,1.30305004119873,0.8597,0.8597,0.0153,0.0148,0.0476,7e-4,0.4986,0.0012,0.0044,2015-01-26T00:00:00Z,-2,lovbio042d,14202.919315206791
6901580,72.56412,-48.792305,40.7200012207031,1.30305004119873,0.8558,0.8558,0.0191,0.0157,0.0503,0.001,0.492,0.0013,0.0042,2015-01-26T00:00:00Z,-2,lovbio042d,14202.919315206791
6901580,72.56412,-48.792305,76.0199966430664,1.53134095668793,1.4463,1.4463,0.0025,0.0135,0.0267,0,0.7927,0,0.006,2015-01-26T00:00:00Z,-2,lovbio042d,14202.919315206791
6901580,72.56412,-48.792305,203.320007324219,0.098815456032753,0.1159,0.1159,0,0.0023,0.0014,0,0.0591,0,0,2015-01-26T00:00:00Z,-2,lovbio042d,14202.919315206791
6901574,67.5565033333333,-51.9537983333333,9.920000076293935,1.10230004787445,0.2689,0.2689,0.0029,0.0183,0.0666,0,0.0949,0.0014,0.0056,2015-01-23T00:00:00Z,-3,lovbio043b,6442.12966527965
6901574,67.5565033333333,-51.9537983333333,19.909999847412102,1.10230004787445,0.2733,0.2733,0.003,0.0197,0.071,0,0.0989,0.0015,0.0054,2015-01-23T00:00:00Z,-3,lovbio043b,6442.12966527965
6901574,67.5565033333333,-51.9537983333333,28.8199996948242,1.10230004787445,0.2827,0.2827,0.0036,0.0221,0.0811,4e-4,0.1041,0.0017,0.0057,2015-01-23T00:00:00Z,-3,lovbio043b,6442.12966527965
6901574,67.5565033333333,-51.9537983333333,39.8199996948242,1.10230004787445,0.2959,0.2959,0.0036,0.0238,0.0807,6e-4,0.1154,0.0021,0.0059,2015-01-23T00:00:00Z,-3,lovbio043b,6442.12966527965
6901574,67.5565033333333,-51.9537983333333,49.1199989318848,1.10230004787445,0.2767,0.2767,0.003,0.0233,0.0738,4e-4,0.1033,0.0019,0.0044,2015-01-23T00:00:00Z,-3,lovbio043b,6442.12966527965
6901574,67.5565033333333,-51.9537983333333,98.7200012207031,0.683279991149902,0.129,0.129,9e-4,0.0125,0.0206,0,0.0585,0.0013,0.0029,2015-01-23T00:00:00Z,-3,lovbio043b,6442.12966527965
6901574,67.5565033333333,-51.9537983333333,199.119995117188,-0.00377166667021811,0.0082,0.0082,0,7e-4,9e-4,0,0.0038,0,0,2015-01-23T00:00:00Z,-3,lovbio043b,6442.12966527965
6901486,-30.1766166666667,62.7901133333333,9.281818086450759,2.05859994888306,0.2225,0.2225,0,0.0074,0.1107,0.0151,0.1154,0.0177,0.0172,2013-06-17T00:00:00Z,-1,lovbio045b,7610.134489578789
6901486,-30.1766166666667,62.7901133333333,31.73999977111815,1.89985817670822,0.2996,0.2996,0,0.0215,0.2272,0.0061,0.3006,0.0035,0.0082,2013-06-17T00:00:00Z,-1,lovbio045b,7610.134489578789
6901486,-30.1766166666667,62.7901133333333,50.01999969482422,0.339303994178772,0.1233,0.1233,0,0.0043,0.044,0.0177,0.0883,0.005,0.0078,2013-06-17T00:00:00Z,-1,lovbio045b,7610.134489578789
6901486,-30.1766166666667,62.7901133333333,99.81200103759757,0.03645619973540306,0.0044,0.0044,0,4e-4,0.0027,0.0039,0.0029,4e-4,0,2013-06-17T00:00:00Z,-1,lovbio045b,7610.134489578789
6901486,-30.1766166666667,62.7901133333333,199.9160034179688,0.007854800252243874,0.0034,0.0034,0,4e-4,0.0015,0.002,0.0024,6e-4,0,2013-06-17T00:00:00Z,-1,lovbio045b,7610.134489578789
6901486,-30.1766166666667,62.7901133333333,300.339996337891,-1.31531533043017e-5,0.0011,0.0011,0,0,0.0011,0.0017,9e-4,0,0,2013-06-17T00:00:00Z,-1,lovbio045b,7610.134489578789
6901581,72.0886716666667,-50.60526,6.049999952316285,2.58419990539551,1.0828,1.0828,0.0085,0.0175,0.0251,0,0.5995,9e-4,0.0026,2015-01-22T00:00:00Z,-1,lovbio050b,4114.792400005032
6901581,72.0886716666667,-50.60526,13.8400001525879,2.58419990539551,1.48,1.48,0.0128,0.0239,0.0356,0,0.8208,0.0012,0.0033,2015-01-22T00:00:00Z,-1,lovbio050b,4114.792400005032
6901581,72.0886716666667,-50.60526,23.6399993896484,2.58419990539551,1.2222,1.2222,0.0126,0.0221,0.0345,0,0.7087,0,0.0029,2015-01-22T00:00:00Z,-1,lovbio050b,4114.792400005032
6901581,72.0886716666667,-50.60526,34.1399993896484,2.58419990539551,1.4209,1.4209,0.0129,0.0215,0.0339,0,0.7675,0.0014,0.0032,2015-01-22T00:00:00Z,-1,lovbio050b,4114.792400005032
6901581,72.0886716666667,-50.60526,42.1399993896484,2.58419990539551,1.4715,1.4715,0.0128,0.0224,0.0359,0,0.7726,0.0015,0.0034,2015-01-22T00:00:00Z,-1,lovbio050b,4114.792400005032
6901581,72.0886716666667,-50.60526,77.8399963378906,3.92481184005737,1.4267,1.4267,0.0103,0.0238,0.0362,0,0.7869,0,0.003,2015-01-22T00:00:00Z,-1,lovbio050b,4114.792400005032
6901579,67.5472216666667,-51.9987116666667,10.0200004577637,0.979200005531311,0.2689,0.2689,0.0029,0.0183,0.0666,0,0.0949,0.0014,0.0056,2015-01-21T00:00:00Z,-1,lovbio057b,3246.3034124338187
6901579,67.5472216666667,-51.9987116666667,20.1200008392334,0.979200005531311,0.2733,0.2733,0.003,0.0197,0.071,0,0.0989,0.0015,0.0054,2015-01-21T00:00:00Z,-1,lovbio057b,3246.3034124338187
6901579,67.5472216666667,-51.9987116666667,39.8199996948242,0.979200005531311,0.2959,0.2959,0.0036,0.0238,0.0807,6e-4,0.1154,0.0021,0.0059,2015-01-21T00:00:00Z,-1,lovbio057b,3246.3034124338187
6901579,67.5472216666667,-51.9987116666667,49.4199981689453,0.979200005531311,0.2767,0.2767,0.003,0.0233,0.0738,4e-4,0.1033,0.0019,0.0044,2015-01-21T00:00:00Z,-1,lovbio057b,3246.3034124338187
6901579,67.5472216666667,-51.9987116666667,74.7200012207031,0.979200005531311,0.3204,0.3204,0.002,0.0226,0.0669,0,0.1414,0.0024,0.0076,2015-01-21T00:00:00Z,-1,lovbio057b,3246.3034124338187
6901579,67.5472216666667,-51.9987116666667,199.320007324219,0.0034036363940686,0.0082,0.0082,0,7e-4,9e-4,0,0.0038,0,0,2015-01-21T00:00:00Z,-1,lovbio057b,3246.3034124338187
6901646,-38.8202866666667,59.56504,40.0399990081787,2.9165323972702053,0.2399,0.2399,0.0078,0.0119,0.0183,0.0031,0.0814,0.0066,NA,2014-06-16T00:00:00Z,-1,lovbio059c,10131.85992095978
6901646,-38.8202866666667,59.56504,60,0.062049999833107,0.0814,0.0814,0,0.0048,0.0118,0.0016,0.0329,7e-4,NA,2014-06-16T00:00:00Z,-1,lovbio059c,10131.85992095978
6901646,-38.8202866666667,59.56504,80.0999984741211,0.0292000006884336,0.0407,0.0407,0,0.0034,0.0051,0.001,0.0144,6.000000000000001e-4,NA,2014-06-16T00:00:00Z,-1,lovbio059c,10131.85992095978
6901646,-38.8202866666667,59.56504,98.8399963378906,0.00535333342850208,0.0208,0.0208,0,0.0026,0.0031,8e-4,0.0071,0,NA,2014-06-16T00:00:00Z,-1,lovbio059c,10131.85992095978
6901646,-38.8202866666667,59.56504,148.039993286133,0.00875999964773655,0.0243,0.0243,0,0.0016,0.0019,7e-4,0.0119,5e-4,NA,2014-06-16T00:00:00Z,-1,lovbio059c,10131.85992095978
6901646,-38.8202866666667,59.56504,197.339996337891,0.00467200018465519,0.0198,0.0198,0,9e-4,0.0012,4e-4,0.0087,7e-4,NA,2014-06-16T00:00:00Z,-1,lovbio059c,10131.85992095978
6901647,-26.7159133333333,55.5292416666667,9.8050000667572,1.40890002250671,1.0462,1.0462,0.0394,0.0989,0.5113,0.011400000000000002,0.1931,0.0094,NA,2014-06-09T00:00:00Z,0,lovbio061c,1786.0516369215143
6901647,-26.7159133333333,55.5292416666667,15.2200002670288,1.40890002250671,1.0994,1.0994,0.0402,0.101,0.53,0.0107,0.2054,0.0092,NA,2014-06-09T00:00:00Z,0,lovbio061c,1786.0516369215143
6901647,-26.7159133333333,55.5292416666667,46.1199989318848,0.564621806144714,0.5505,0.5505,0,0.0604,0.2144,0.0027,0.1256,0.0112,NA,2014-06-09T00:00:00Z,0,lovbio061c,1786.0516369215143
6901647,-26.7159133333333,55.5292416666667,84.3199996948242,0.13754415512085,0.1801,0.1801,0,0.0178,0.071,0.0011,0.0586,0.0033,NA,2014-06-09T00:00:00Z,0,lovbio061c,1786.0516369215143
6901647,-26.7159133333333,55.5292416666667,148.720001220703,0.0035283335018903,0.037,0.037,0,0.0017,0.0076,8e-4,0.0182,0.0012,NA,2014-06-09T00:00:00Z,0,lovbio061c,1786.0516369215143
6901647,-26.7159133333333,55.5292416666667,198.020004272461,-0.0132312504574656,0.0204,0.0204,0,9e-4,0.003,0,0.0079,0.0019,NA,2014-06-09T00:00:00Z,0,lovbio061c,1786.0516369215143
6901653,4.65189,42.0278016666667,9.247368511400717,0.11752417605174205,0.0877,0.0877,0.0035,0.007,0.0214,0.0209,0.0071,0,NA,2014-07-07T00:00:00Z,0,lovbio063c,128219.54794670231
6901653,4.65189,42.0278016666667,29.968888812594933,0.1295391768217088,0.2136,0.2354,0.006,0.0289,0.0683,0.0489,0.015,0.0012,NA,2014-07-07T00:00:00Z,0,lovbio063c,128219.54794670231
6901653,4.65189,42.0278016666667,54.99499893188477,0.999175637960433,1.2769,1.2769,0.0254,0.1999,0.7603,0.0758,0.0846,0.0087,NA,2014-07-07T00:00:00Z,0,lovbio063c,128219.54794670231
6901653,4.65189,42.0278016666667,100.01999969482407,0.05499619990587234,0.0413,0.0413,0.002,0.0105,0.0104,5e-4,0.0118,0,NA,2014-07-07T00:00:00Z,0,lovbio063c,128219.54794670231
6901496,7.91689666666667,43.358885,5.350000143051145,0.0255500003695488,0.1019,0.1019,0.0063,0.0079,0.0233,0.0143,0.005,8e-4,0.01,2013-07-16T00:00:00Z,-1,lovbio064b,1617.93520660688
6901496,7.91689666666667,43.358885,9.842857088361471,0.028157142922282184,0.1471,0.1471,0.0095,0.0127,0.0318,0.0181,0.0067,0.0013,0.0186,2013-07-16T00:00:00Z,-1,lovbio064b,1617.93520660688
6901496,7.91689666666667,43.358885,20.149999618530252,0.057617858052253695,0.1839,0.1839,0.0115,0.0136,0.0361,0.0214,0.0068,0.0014,0.0278,2013-07-16T00:00:00Z,-1,lovbio064b,1617.93520660688
6901496,7.91689666666667,43.358885,29.3999996185303,0.200385004281998,0.3672,0.3672,0.0238,0.0569,0.0809,0.0234,0.0241,0.0028,0.0372,2013-07-16T00:00:00Z,-1,lovbio064b,1617.93520660688
6901496,7.91689666666667,43.358885,40,1.16174292564392,0.8804,0.8804,0.0428,0.1631,0.2973,0.0835,0.0741,0.01,0.0783,2013-07-16T00:00:00Z,-1,lovbio064b,1617.93520660688
6901496,7.91689666666667,43.358885,49.7999992370605,1.87610006332397,0.9159,0.9159,0.0446,0.2142,0.2396,0.0588,0.1346,0.0058,0.0913,2013-07-16T00:00:00Z,-1,lovbio064b,1617.93520660688
6901496,7.91689666666667,43.358885,59.9000015258789,0.7810999751091,0.6668,0.6668,0.0262,0.0989,0.2138,0.0116,0.1009,0.0029,0.1001,2013-07-16T00:00:00Z,-1,lovbio064b,1617.93520660688
6901496,7.91689666666667,43.358885,78.9000015258789,0.220095008611679,0.1282,0.1282,-9,0.0289,0.0246,0.0017,0.0263,-9,0.0239,2013-07-16T00:00:00Z,-1,lovbio064b,1617.93520660688
6901496,7.91689666666667,43.358885,150.899993896484,0.00401500007137656,0.0155,0.0155,-9,0.002,0.0013,-9,0.0063,-9,0.0016,2013-07-16T00:00:00Z,-1,lovbio064b,1617.93520660688
6901496,7.91689666666667,43.358885,199.699996948242,0.00243333331309259,0.0069,0.0069,-9,4e-4,-9,-9,0.0032,-9,-9,2013-07-16T00:00:00Z,-1,lovbio064b,1617.93520660688
6901496,7.91689666666667,43.358885,5.350000143051145,0.0255500003695488,0.1019,0.1019,0.0063,0.0079,0.0233,0.0143,0.005,8e-4,0.01,2013-07-16T00:00:00Z,-1,lovbio064b,1617.93520660688
6901496,7.91689666666667,43.358885,9.842857088361471,0.028157142922282184,0.1471,0.1471,0.0095,0.0127,0.0318,0.0181,0.0067,0.0013,0.0186,2013-07-16T00:00:00Z,-1,lovbio064b,1617.93520660688
6901496,7.91689666666667,43.358885,20.149999618530252,0.057617858052253695,0.1839,0.1839,0.0115,0.0136,0.0361,0.0214,0.0068,0.0014,0.0278,2013-07-16T00:00:00Z,-1,lovbio064b,1617.93520660688
6901496,7.91689666666667,43.358885,29.3999996185303,0.200385004281998,0.3672,0.3672,0.0238,0.0569,0.0809,0.0234,0.0241,0.0028,0.0372,2013-07-16T00:00:00Z,-1,lovbio064b,1617.93520660688
6901496,7.91689666666667,43.358885,40,1.16174292564392,0.8804,0.8804,0.0428,0.1631,0.2973,0.0835,0.0741,0.01,0.0783,2013-07-16T00:00:00Z,-1,lovbio064b,1617.93520660688
6901496,7.91689666666667,43.358885,49.7999992370605,1.87610006332397,0.9159,0.9159,0.0446,0.2142,0.2396,0.0588,0.1346,0.0058,0.0913,2013-07-16T00:00:00Z,-1,lovbio064b,1617.93520660688
6901496,7.91689666666667,43.358885,59.9000015258789,0.7810999751091,0.6668,0.6668,0.0262,0.0989,0.2138,0.0116,0.1009,0.0029,0.1001,2013-07-16T00:00:00Z,-1,lovbio064b,1617.93520660688
6901496,7.91689666666667,43.358885,78.9000015258789,0.220095008611679,0.1282,0.1282,-9,0.0289,0.0246,0.0017,0.0263,-9,0.0239,2013-07-16T00:00:00Z,-1,lovbio064b,1617.93520660688
6901496,7.91689666666667,43.358885,150.899993896484,0.00401500007137656,0.0155,0.0155,-9,0.002,0.0013,-9,0.0063,-9,0.0016,2013-07-16T00:00:00Z,-1,lovbio064b,1617.93520660688
6901496,7.91689666666667,43.358885,199.699996948242,0.00243333331309259,0.0069,0.0069,-9,4e-4,-9,-9,0.0032,-9,-9,2013-07-16T00:00:00Z,-1,lovbio064b,1617.93520660688
6901649,5.97444666666667,40.7144083333333,9.318461528191204,0.025437692610117107,0.0714,0.0754,0.0026,0.0069,0.0212,0.0157,0.0046,0,NA,2014-07-16T00:00:00Z,-1,lovbio067c,5235.702421783041
6901649,5.97444666666667,40.7144083333333,49.75666681925455,0.118833570430676,0.1737,0.2265,0.0106,0.0197,0.0603,0.0503,0.0112,0.001,NA,2014-07-16T00:00:00Z,-1,lovbio067c,5235.702421783041
6901649,5.97444666666667,40.7144083333333,70.81499862670896,0.31666791439056396,0.4044,0.4753,0.0151,0.0529,0.1468,0.0394,0.0558,0.0042,NA,2014-07-16T00:00:00Z,-1,lovbio067c,5235.702421783041
6901649,5.97444666666667,40.7144083333333,99.1733322143553,0.16243310769399033,0.134,0.1505,0.0042,0.0493,0.0497,0.0048,0.016,0,NA,2014-07-16T00:00:00Z,-1,lovbio067c,5235.702421783041
6901648,4.63967666666667,42.0226783333333,9.860000133514415,0.13407992571592298,0.0877,0.0877,0.0035,0.007,0.0214,0.0209,0.0071,0,NA,2014-07-07T00:00:00Z,0,lovbio068d,129223.7679777422
6901648,4.63967666666667,42.0226783333333,30.1200008392334,0.124410063028336,0.2136,0.2354,0.006,0.0289,0.0683,0.0489,0.015,0.0012,NA,2014-07-07T00:00:00Z,0,lovbio068d,129223.7679777422
6901648,4.63967666666667,42.0226783333333,55.0200004577637,1.12215662002563,1.2769,1.2769,0.0254,0.1999,0.7603,0.0758,0.0846,0.0087,NA,2014-07-07T00:00:00Z,0,lovbio068d,129223.7679777422
6901648,4.63967666666667,42.0226783333333,100.019996643066,0.0675104036927223,0.0413,0.0413,0.002,0.0105,0.0104,5e-4,0.0118,0,NA,2014-07-07T00:00:00Z,0,lovbio068d,129223.7679777422
6901656,164.463983333333,-19.21347,9.839999834696457,0.04263944551348687,0.1878,0.2401,0.0046,0.0017,0.0193,0.0904,0.0037,0,0.0028,2015-03-03T00:00:00Z,-2,lovbio075b,12568.829498763127
6901656,164.463983333333,-19.21347,16.6200008392334,0.0573809109628201,0.1425,0.1884,0.0035,0.0016,0.0159,0.0737,0.0031,0,0.0023,2015-03-03T00:00:00Z,-2,lovbio075b,12568.829498763127
6901656,164.463983333333,-19.21347,25.4200000762939,0.0494633316993713,0.0774,0.112,0.0023,0.0018,0.0139,0.0414,0.0019,0,0.0018,2015-03-03T00:00:00Z,-2,lovbio075b,12568.829498763127
6901656,164.463983333333,-19.21347,35.7200012207031,0.0496289990842342,0.0868,0.1503,0.0036,0.0053,0.0271,0.0556,0.0029,0,0.0041,2015-03-03T00:00:00Z,-2,lovbio075b,12568.829498763127
6901656,164.463983333333,-19.21347,53.8999996185303,0.06745000183582306,0.1953,0.3092,0.0063,0.0453,0.105,0.0427,0.01,6e-4,0.0262,2015-03-03T00:00:00Z,-2,lovbio075b,12568.829498763127
6901656,164.463983333333,-19.21347,71.4199981689453,0.295811802148819,0.2335,0.3676,0.0078,0.053,0.1259,0.0502,0.0121,6e-4,0.0326,2015-03-03T00:00:00Z,-2,lovbio075b,12568.829498763127
6901656,164.463983333333,-19.21347,88.7200012207031,0.257923632860184,0.2266,0.3562,0.0069,0.0624,0.1142,0.0417,0.0114,0.0019,0.0247,2015-03-03T00:00:00Z,-2,lovbio075b,12568.829498763127
6901656,164.463983333333,-19.21347,107.120002746582,0.186729997396469,0.1289,0.2075,0.003,0.0418,0.0596,0.021,0.0079,0.0012,0.014,2015-03-03T00:00:00Z,-2,lovbio075b,12568.829498763127
6901658,-170.703893333333,-18.2573483333333,25.2399997711182,0.0998733341693878,0.0132,0.0221,7e-4,0.0011,0.0051,0.0243,7e-4,0,0.0012,2015-03-21T00:00:00Z,0,lovbio077b,172594.68207126288
6901658,-170.703893333333,-18.2573483333333,44.939998626709,0.121835999190807,0.0232,0.0358,0.0016,0.0024,0.0079,0.0353,0.0016,0,0.0023,2015-03-21T00:00:00Z,0,lovbio077b,172594.68207126288
6901658,-170.703893333333,-18.2573483333333,55.0400009155273,0.171394005417824,0.0228,0.0356,0.0012,0.0027,0.0082,0.0351,0.0016,0,0.002,2015-03-21T00:00:00Z,0,lovbio077b,172594.68207126288
6901658,-170.703893333333,-18.2573483333333,64.6399993896484,0.237849995493889,0.0262,0.0398,0.0017,0.0032,0.0097,0.0332,0.0017,0,0.0027,2015-03-21T00:00:00Z,0,lovbio077b,172594.68207126288
6901658,-170.703893333333,-18.2573483333333,75.09000015258785,0.3011414259672165,0.0331,0.0508,0.0021,0.005,0.0139,0.0348,0.0021,0,0.0032,2015-03-21T00:00:00Z,0,lovbio077b,172594.68207126288
6901658,-170.703893333333,-18.2573483333333,101.440002441406,0.109275452792645,0.0503,0.0965,0.0031,0.0103,0.0228,0.0414,0.0025,0,0.0101,2015-03-21T00:00:00Z,0,lovbio077b,172594.68207126288
6901658,-170.703893333333,-18.2573483333333,126.440002441406,0.0712581872940063,0.1079,0.2282,0.0047,0.0374,0.0584,0.0483,0.0043,0,0.0979,2015-03-21T00:00:00Z,0,lovbio077b,172594.68207126288
6901658,-170.703893333333,-18.2573483333333,202.240005493164,-0.00795200001448393,0.0835,0.1642,0.0017,0.0344,0.0458,0.0223,0.0031,0,0.0212,2015-03-21T00:00:00Z,0,lovbio077b,172594.68207126288
6901660,-165.77339,-18.4710533333333,7.100000063578286,0.0143999997526407,0.0194,0.0297,0.0014,0.0017,0.0076,0.0261,9e-4,0,0.0018,2015-03-29T00:00:00Z,-1,lovbio079b,2351.8276729147524
6901660,-165.77339,-18.4710533333333,42.9699993133545,0.0222171423956752,0.0282,0.0477,0.0016,0.0027,0.0093,0.0435,0.0016,0,0.0022,2015-03-29T00:00:00Z,-1,lovbio079b,2351.8276729147524
6901660,-165.77339,-18.4710533333333,61.2200012207031,0.0288599990308285,0.0342,0.0559,0.0018,0.0036,0.0121,0.0431,0.0023,0,0.0023,2015-03-29T00:00:00Z,-1,lovbio079b,2351.8276729147524
6901660,-165.77339,-18.4710533333333,92.4199981689453,0.0697680041193962,0.0563,0.1012,0.003,0.0105,0.0249,0.0401,0.0033,0,0.0063,2015-03-29T00:00:00Z,-1,lovbio079b,2351.8276729147524
6901660,-165.77339,-18.4710533333333,119.720001220703,0.335132300853729,0.0848,0.1995,0.0033,0.0236,0.0449,0.0467,0.0029,0,0.0895,2015-03-29T00:00:00Z,-1,lovbio079b,2351.8276729147524
6901660,-165.77339,-18.4710533333333,149.720001220703,0.166560009121895,0.0921,0.1844,0.0018,0.0347,0.0483,0.0263,0.0037,0,0.0409,2015-03-29T00:00:00Z,-1,lovbio079b,2351.8276729147524
6901660,-165.77339,-18.4710533333333,178.320007324219,0.0864000022411346,0.0595,0.1001,9e-4,0.0229,0.031,0.0072,0.002,0,0.0077,2015-03-29T00:00:00Z,-1,lovbio079b,2351.8276729147524
6901660,-165.77339,-18.4710533333333,200.820007324219,0.0491563640534878,0.0352,0.0569,5e-4,0.0116,0.023,0.0026,7e-4,0,0,2015-03-29T00:00:00Z,-1,lovbio079b,2351.8276729147524
6901765,24.8273116666667,34.1817933333333,9.75,0.06154846772551539,0.0575,0.0575,0.0015,0.004,0.0184,0.0141,0.003,5e-4,0.0025,2015-05-23T00:00:00Z,-1,lovbio084d,3509.758339578103
6901765,24.8273116666667,34.1817933333333,29.92000007629395,0.0371517688035965,0.0518,0.0518,0.0013,0.0041,0.0187,0.0147,0.0022,0,0.0031,2015-05-23T00:00:00Z,-1,lovbio084d,3509.758339578103
6901765,24.8273116666667,34.1817933333333,49.1199989318848,0.0610332936048508,0.078,0.0805,0.0028,0.0066,0.0292,0.0191,0.0033,3e-4,0.0063,2015-05-23T00:00:00Z,-1,lovbio084d,3509.758339578103
6901765,24.8273116666667,34.1817933333333,79.8199996948242,0.229861527681351,0.2901,0.4683,0.0075,0.0512,0.1315,0.1318,0.0209,0.0036,0.1243,2015-05-23T00:00:00Z,-1,lovbio084d,3509.758339578103
6901765,24.8273116666667,34.1817933333333,99.8199996948242,0.437563180923462,0.3438,0.4711,0.0063,0.1103,0.1356,0.0543,0.0219,0.0036,0.0628,2015-05-23T00:00:00Z,-1,lovbio084d,3509.758339578103
6901765,24.8273116666667,34.1817933333333,109.720001220703,0.448731333017349,0.247,0.3346,0.0048,0.0863,0.0874,0.0337,0.016,0.003,0.0462,2015-05-23T00:00:00Z,-1,lovbio084d,3509.758339578103
6901765,24.8273116666667,34.1817933333333,149.919998168945,0.0108544807881117,0.0149,0.0149,0,0.0047,0.006,3e-4,0.0021,0,0.0013,2015-05-23T00:00:00Z,-1,lovbio084d,3509.758339578103
6901765,24.8273116666667,34.1817933333333,199.95999908447249,0.00890623987652363,0.0184,0.0198,0,0.0084,0.0043,6e-4,0.0037,0,0.0017,2015-05-23T00:00:00Z,-1,lovbio084d,3509.758339578103
6901768,18.5246066666667,38.3007416666667,4.90000009536743,0.0438000001013279,0.0951,0.0955,0.0023,0.0084,0.0335,0.014,0.0033,7e-4,0.0043,2015-05-19T00:00:00Z,-3,lovbio088d,13838.604541217801
6901768,18.5246066666667,38.3007416666667,9.033333460489906,0.0438000001013279,0.1002,0.1002,0.0025,0.0089,0.0354,0.0146,0.0034,7e-4,0.0048,2015-05-19T00:00:00Z,-3,lovbio088d,13838.604541217801
6901768,18.5246066666667,38.3007416666667,49.7400016784668,0.182208001613617,0.1755,0.1801,0.0074,0.0227,0.0663,0.0306,0.0066,8e-4,0.0143,2015-05-19T00:00:00Z,-3,lovbio088d,13838.604541217801
6901768,18.5246066666667,38.3007416666667,61.0400009155273,0.415370017290115,0.2516,0.2651,0.0086,0.0279,0.1043,0.0519,0.0088,8e-4,0.0199,2015-05-19T00:00:00Z,-3,lovbio088d,13838.604541217801
6901768,18.5246066666667,38.3007416666667,71.0400009155273,0.298407793045044,0.3632,0.4268,0.0089,0.0411,0.164,0.0892,0.0117,0.0015,0.0447,2015-05-19T00:00:00Z,-3,lovbio088d,13838.604541217801
6901768,18.5246066666667,38.3007416666667,103.139999389648,0.115559004247189,0.1178,0.1279,0.0044,0.0314,0.0501,0.0044,0.0068,0.0021,0.0119,2015-05-19T00:00:00Z,-3,lovbio088d,13838.604541217801
6901768,18.5246066666667,38.3007416666667,202.039993286133,0,0.0042,0.0042,0,4e-4,0.0011,0,0.0014,0,0,2015-05-19T00:00:00Z,-3,lovbio088d,13838.604541217801
6901769,10.8383783333333,39.2186216666667,9.820000012715656,0.014547857300688817,0.076,0.076,0.0019,0.0083,0.0222,0.0114,0.0032,0.0032,0.0033,2015-05-31T00:00:00Z,-1,lovbio089d,6751.517982444105
6901769,10.8383783333333,39.2186216666667,30.07000064849855,0.0378788895905018,0.092,0.0937,0.0063,0.0087,0.0233,0.0154,0.0037,9e-4,0.0129,2015-05-31T00:00:00Z,-1,lovbio089d,6751.517982444105
6901769,10.8383783333333,39.2186216666667,60.17333348592123,0.3008816639582317,0.4685,0.4995,0.0146,0.0643,0.2415,0.0478,0.0194,0.0113,0.0346,2015-05-31T00:00:00Z,-1,lovbio089d,6751.517982444105
6901769,10.8383783333333,39.2186216666667,70.0699996948242,0.5489751994609835,0.4044,0.5016,0.007,0.105,0.1876,0.0517,0.0356,0.0022,0.0502,2015-05-31T00:00:00Z,-1,lovbio089d,6751.517982444105
6901769,10.8383783333333,39.2186216666667,79.77000045776364,0.329595014452934,0.2011,0.2133,0.0045,0.0452,0.1276,0.0054,0.0225,0,0.008,2015-05-31T00:00:00Z,-1,lovbio089d,6751.517982444105
6901769,10.8383783333333,39.2186216666667,99.5199966430664,0.0803000032901764,0.073,0.0761,0,0.022,0.0448,0,0.0066,0,0.0041,2015-05-31T00:00:00Z,-1,lovbio089d,6751.517982444105
6901769,10.8383783333333,39.2186216666667,149.6699981689455,-0.00365000008605421,0.0044,0.0044,0,9e-4,0.0022,0,0.0012,0,0,2015-05-31T00:00:00Z,-1,lovbio089d,6751.517982444105
6901771,20.0963883333333,36.6890733333333,9.573333422342937,0.013165713908771654,0.0652,0.0652,0.0028,0.0068,0.0207,0.0065,0.0037,0,0.0038,2015-05-27T00:00:00Z,-1,lovbio091d,2266.088633285552
6901771,20.0963883333333,36.6890733333333,39.5200004577637,0.0416159983724356,0.1253,0.1345,0.005,0.014,0.0503,0.0257,0.0065,5e-4,0.0154,2015-05-27T00:00:00Z,-1,lovbio091d,2266.088633285552
6901771,20.0963883333333,36.6890733333333,69.9200007120768,0.4475340048472087,0.3904,0.5443,0.006,0.0733,0.2496,0.0958,0.015,0.0022,0.099,2015-05-27T00:00:00Z,-1,lovbio091d,2266.088633285552
6901771,20.0963883333333,36.6890733333333,80.0699996948242,0.38967999815940846,0.3045,0.437,0.0054,0.0698,0.1811,0.0599,0.0126,0.0025,0.0493,2015-05-27T00:00:00Z,-1,lovbio091d,2266.088633285552
6901771,20.0963883333333,36.6890733333333,99.67000198364255,0.259404018521309,0.1664,0.213,0.0043,0.0377,0.091,0.017,0.0079,0.0021,0.021,2015-05-27T00:00:00Z,-1,lovbio091d,2266.088633285552
6901771,20.0963883333333,36.6890733333333,150.120002746582,0.003534545423462985,0.1121,0.1263,0.0033,0.0467,0.0475,0.0045,0.0081,4e-4,0.0072,2015-05-27T00:00:00Z,-1,lovbio091d,2266.088633285552
6901771,20.0963883333333,36.6890733333333,200.069999694824,-0.002559230662882325,0.0058,0.0058,0,0.0019,0.0017,0,0.0012,0,0,2015-05-27T00:00:00Z,-1,lovbio091d,2266.088633285552
6901773,28.42475,33.5631816666667,9.629999876022335,0.010950000025332,0.0401,0.0401,0.001,0.0026,0.01,0.011,0.0013,9e-4,0.0016,2015-05-22T00:00:00Z,-5114,lovbio093d,3899.182591068945
6901773,28.42475,33.5631816666667,50.0599994659424,0.0202118745073676,0.0375,0.0388,0.0016,0.0031,0.011,0.0131,0.0019,0,0.0036,2015-05-22T00:00:00Z,-5114,lovbio093d,3899.182591068945
6901773,28.42475,33.5631816666667,79.67000198364255,0.0554799996316433,0.0728,0.0774,0.0031,0.0066,0.0263,0.0184,0.004,6e-4,0.007,2015-05-22T00:00:00Z,-5114,lovbio093d,3899.182591068945
6901773,28.42475,33.5631816666667,109.819999694824,0.246972277760506,0.1979,0.2609,0.0047,0.032,0.1063,0.0541,0.0118,0.0021,0.0547,2015-05-22T00:00:00Z,-5114,lovbio093d,3899.182591068945
6901773,28.42475,33.5631816666667,120.2700004577635,0.297607719898224,0.1872,0.3058,0.0039,0.0696,0.0889,0.0545,0.0085,0.0012,0.0336,2015-05-22T00:00:00Z,-5114,lovbio093d,3899.182591068945
6901773,28.42475,33.5631816666667,130.319999694824,0.2640166729688645,0.1975,0.292,0.0036,0.0807,0.0934,0.0302,0.0102,0.0016,0.0166,2015-05-22T00:00:00Z,-5114,lovbio093d,3899.182591068945
6901773,28.42475,33.5631816666667,150.01999664306652,0.179336674511433,0.1321,0.194,0.0027,0.0601,0.0509,0.0174,0.0067,4e-4,0.0168,2015-05-22T00:00:00Z,-5114,lovbio093d,3899.182591068945
6902734,72.3039166666667,-48.771565,19.7199993133545,0.626399993896484,1.0129,1.0304,0.0284,0.0588,0.076,0.0027,0.4114,0.011,0.0269,2016-10-17T00:00:00Z,-1,lovbio098c,2009.3754359055238
6902734,72.3039166666667,-48.771565,29.7199993133545,0.626399993896484,1.0278,1.0463,0.033,0.0624,0.0771,0.0027,0.4097,0.011,0.0281,2016-10-17T00:00:00Z,-1,lovbio098c,2009.3754359055238
6902734,72.3039166666667,-48.771565,40.01000022888185,0.6392520070075985,1.0172,1.0401,0.0291,0.061,0.0771,0.0026,0.4132,0.011,0.0278,2016-10-17T00:00:00Z,-1,lovbio098c,2009.3754359055238
6902734,72.3039166666667,-48.771565,99.64999771118156,0.1925999969244,0.6933,0.7034,0.0042,0.0363,0.0509,0.0024,0.2903,0.0075,0.0218,2016-10-17T00:00:00Z,-1,lovbio098c,2009.3754359055238
6902734,72.3039166666667,-48.771565,150.019999186198,0.06664000203212103,0.1459,0.1459,0,0.0073,0.0113,8e-4,0.0642,0.0014,0.0058,2016-10-17T00:00:00Z,-1,lovbio098c,2009.3754359055238
6902734,72.3039166666667,-48.771565,199.699996948242,0.00539999990724027,0.1004,0.1004,0,0.0039,0.007,0,0.0452,6e-4,0.004,2016-10-17T00:00:00Z,-1,lovbio098c,2009.3754359055238
6902734,72.3039166666667,-48.771565,250,-0.0108000002801418,0.0141,0.0141,0,0.0011,0.0013,0,0.0074,0,0,2016-10-17T00:00:00Z,-1,lovbio098c,2009.3754359055238
6902734,72.3039166666667,-48.771565,500.5,-0.00359999993816018,0.0015,0.0015,0,0,6e-4,0,8e-4,0,0,2016-10-17T00:00:00Z,-1,lovbio098c,2009.3754359055238
6902735,66.97718,-52.421255,6.453333298365274,0.352800011634827,0.2754,0.2838,0.0058,0.0253,0.0654,0.0018,0.0698,0.0023,0.0392,2016-10-20T00:00:00Z,-1,lovbio100c,8953.45683724913
6902735,66.97718,-52.421255,20.0599998474121,0.352800011634827,0.271,0.2801,0.006,0.0247,0.0644,0.0019,0.0691,0.0023,0.0382,2016-10-20T00:00:00Z,-1,lovbio100c,8953.45683724913
6902735,66.97718,-52.421255,29.81999931335446,0.352800011634827,0.2706,0.2808,0.0055,0.0257,0.065,0.0018,0.0702,0.0025,0.038,2016-10-20T00:00:00Z,-1,lovbio100c,8953.45683724913
6902735,66.97718,-52.421255,39.974999427795396,0.352800011634827,0.2777,0.2861,0.0058,0.0257,0.0644,0.0017,0.0728,0.0023,0.0393,2016-10-20T00:00:00Z,-1,lovbio100c,8953.45683724913
6902735,66.97718,-52.421255,49.82499980926515,0.352800011634827,0.2686,0.2751,0.0045,0.0255,0.0615,0.0015,0.0699,0.0025,0.0392,2016-10-20T00:00:00Z,-1,lovbio100c,8953.45683724913
6902735,66.97718,-52.421255,75.58000030517577,0.3470400094985964,0.205,0.2085,0.0031,0.0194,0.0433,0.0011,0.053900000000000003,0.002,0.0285,2016-10-20T00:00:00Z,-1,lovbio100c,8953.45683724913
6902735,66.97718,-52.421255,99.91999969482421,0.2613200068473816,0.213,0.2166,0.0028,0.0204,0.0453,0.0012,0.0561,0.0019,0.0298,2016-10-20T00:00:00Z,-1,lovbio100c,8953.45683724913
6902735,66.97718,-52.421255,124.8,0.2668538331985472,0.2188,0.2228,0.0032,0.0209,0.0457,0.0012,0.0583,0.0022,0.0299,2016-10-20T00:00:00Z,-1,lovbio100c,8953.45683724913
6902735,66.97718,-52.421255,149.9799987792968,0.287919992208481,0.2103,0.2139,0.0026,0.0202,0.0442,0.0011,0.0556,0.0022,0.0282,2016-10-20T00:00:00Z,-1,lovbio100c,8953.45683724913
6902735,66.97718,-52.421255,200.150001525879,0.10207499936223025,0.0325,0.0325,0,0.0034,0.0057,4e-4,0.0101,3e-4,0.0044,2016-10-20T00:00:00Z,-1,lovbio100c,8953.45683724913
6902735,66.97718,-52.421255,252.100006103516,-0.00359999993816018,0.0056,0.0056,0,6e-4,0.001,0,0.002,2e-4,0,2016-10-20T00:00:00Z,-1,lovbio100c,8953.45683724913
6902736,72.02287,-50.6296683333333,9.161428689956661,0.9484714354787557,1.5301,1.6405,0.0116,0.0205,0.0408,0.0013,0.6746,0.0032,0.0124,2016-10-18T00:00:00Z,6,lovbio101c,2293.1829813115983
6902736,72.02287,-50.6296683333333,19.166666666666668,1.1028000116348267,1.6097,1.6968,0.0085,0.02,0.041,0.001,0.6955,0.0033,0.013,2016-10-18T00:00:00Z,6,lovbio101c,2293.1829813115983
6902736,72.02287,-50.6296683333333,40.03999938964844,1.0097280383110052,1.5835,1.6543,0.0076,0.0198,0.0396,0.001,0.6885,0.0034,0.0129,2016-10-18T00:00:00Z,6,lovbio101c,2293.1829813115983
6902736,72.02287,-50.6296683333333,50.04999923706055,0.9496400058269505,1.607,1.7113,0.0083,0.0211,0.0402,0.0014,0.7292,0.0036,0.0144,2016-10-18T00:00:00Z,6,lovbio101c,2293.1829813115983
6902736,72.02287,-50.6296683333333,75.0000025431315,0.799613356590271,1.5708,1.6713,0.0089,0.0206,0.0395,0.0011,0.7128,0.0032,0.0118,2016-10-18T00:00:00Z,6,lovbio101c,2293.1829813115983
6902736,72.02287,-50.6296683333333,99.69999694824212,0.7256159782409666,1.618,1.7097,0.0084,0.0213,0.0396,0,0.7109,0.0031,0.0144,2016-10-18T00:00:00Z,6,lovbio101c,2293.1829813115983
6902736,72.02287,-50.6296683333333,150.3399993896484,0.531408005952835,0.6559,0.6735,0,0.01,0.0157,0,0.299,0,0.0064,2016-10-18T00:00:00Z,6,lovbio101c,2293.1829813115983
6902736,72.02287,-50.6296683333333,199.7400024414062,0.3251677095890046,0.0688,0.0703,0,0.0029,0.0021,0,0.0333,0,0.0018,2016-10-18T00:00:00Z,6,lovbio101c,2293.1829813115983
6902737,72.0717783333333,-50.6306533333333,6.719999969005585,1.4443962574005138,1.291,1.4435,0.0153,0.0246,0.0487,0.0028,0.6725,0.0047,0.0119,2016-10-19T00:00:00Z,-1,lovbio103c,993.459750242439
6902737,72.0717783333333,-50.6306533333333,21.71000003814695,1.414438605308535,1.3405,1.5001,0.017,0.0242,0.0567,0.0025,0.6793,0.0048,0.0142,2016-10-19T00:00:00Z,-1,lovbio103c,993.459750242439
6902737,72.0717783333333,-50.6306533333333,49.546666463216134,1.3105712334315,1.5764,1.6899,0.0133,0.0238,0.0518,0.0012,0.7648,0.0039,0.0153,2016-10-19T00:00:00Z,-1,lovbio103c,993.459750242439
6902737,72.0717783333333,-50.6306533333333,74.73500061035155,0.5761110335588457,1.3182,1.3828,0.008,0.0226,0.0433,0.0013,0.598,0.0029,0.0126,2016-10-19T00:00:00Z,-1,lovbio103c,993.459750242439
6902737,72.0717783333333,-50.6306533333333,99.93666585286448,0.4782633682092032,1.136,1.1857,0.0098,0.0214,0.0384,0.0012,0.5211,0.0029,0.0122,2016-10-19T00:00:00Z,-1,lovbio103c,993.459750242439
6902737,72.0717783333333,-50.6306533333333,149.8000061035158,0.27694473862648017,0.7402,0.7575,0,0.0168,0.0272,0.001,0.3311,0.0024,0.009,2016-10-19T00:00:00Z,-1,lovbio103c,993.459750242439
6902737,72.0717783333333,-50.6306533333333,199.7000007629395,0.07391250226646663,0.0762,0.0762,0,0.0033,0.0031,0,0.0364,0,0.0027,2016-10-19T00:00:00Z,-1,lovbio103c,993.459750242439
6902737,72.0717783333333,-50.6306533333333,252.399993896484,0.0292000006884336,0.0142,0.0142,0,0.001,9e-4,0,0.0078,0,0,2016-10-19T00:00:00Z,-1,lovbio103c,993.459750242439
6902737,72.0717783333333,-50.6306533333333,302.100006103516,0.0182499997317791,0.0076,0.0076,0,7e-4,5e-4,0,0.0046,0,0,2016-10-19T00:00:00Z,-1,lovbio103c,993.459750242439
6902738,72.2748116666667,-48.7829383333333,6.52727274461226,0.682550013065338,1.0053,1.0247,0.0313,0.0595,0.0755,0.0026,0.4093,0.011,0.0303,2016-10-16T00:00:00Z,0,lovbio104c,535.312408117213
6902738,72.2748116666667,-48.7829383333333,19.973333358764634,0.682550013065338,1.0129,1.0304,0.0284,0.0588,0.076,0.0027,0.4114,0.011,0.0269,2016-10-16T00:00:00Z,0,lovbio104c,535.312408117213
6902738,72.2748116666667,-48.7829383333333,30.340000152587898,0.682550013065338,1.0278,1.0463,0.033,0.0624,0.0771,0.0027,0.4097,0.011,0.0281,2016-10-16T00:00:00Z,0,lovbio104c,535.312408117213
6902738,72.2748116666667,-48.7829383333333,40.0800003051758,0.682550013065338,1.0172,1.0401,0.0291,0.061,0.0771,0.0026,0.4132,0.011,0.0278,2016-10-16T00:00:00Z,0,lovbio104c,535.312408117213
6902738,72.2748116666667,-48.7829383333333,50.2999992370605,0.682550013065338,1.0264,1.0466,0.0314,0.0619,0.0755,0.0024,0.4106,0.0109,0.028,2016-10-16T00:00:00Z,0,lovbio104c,535.312408117213
6902738,72.2748116666667,-48.7829383333333,76.04999923706055,0.6241500079631805,1.0412,1.0631,0.035,0.063,0.0767,0.0028,0.4158,0.0107,0.029,2016-10-16T00:00:00Z,0,lovbio104c,535.312408117213
6902738,72.2748116666667,-48.7829383333333,99.89999961853025,0.3047749996185303,0.6933,0.7034,0.0042,0.0363,0.0509,0.0024,0.2903,0.0075,0.0218,2016-10-16T00:00:00Z,0,lovbio104c,535.312408117213
6902738,72.2748116666667,-48.7829383333333,125.25,0.0948391649872065,0.2221,0.2221,0,0.0099,0.0168,0.0011,0.0925,0.0026,0.0088,2016-10-16T00:00:00Z,0,lovbio104c,535.312408117213
6902738,72.2748116666667,-48.7829383333333,149.6749992370605,0.0519295446574688,0.1459,0.1459,0,0.0073,0.0113,8e-4,0.0642,0.0014,0.0058,2016-10-16T00:00:00Z,0,lovbio104c,535.312408117213
6902738,72.2748116666667,-48.7829383333333,200.20999908447266,0.0308408106987675,0.1004,0.1004,0,0.0039,0.007,0,0.0452,6e-4,0.004,2016-10-16T00:00:00Z,0,lovbio104c,535.312408117213
6902738,72.2748116666667,-48.7829383333333,501.700012207031,0.00360548798926175,0.0015,0.0015,0,0,6e-4,0,8e-4,0,0,2016-10-16T00:00:00Z,0,lovbio104c,535.312408117213
6902739,66.9867816666667,-52.4273433333333,6.4437499940395355,0.386900007724762,0.2754,0.2838,0.0058,0.0253,0.0654,0.0018,0.0698,0.0023,0.0392,2016-10-20T00:00:00Z,-1,lovbio107c,8190.017808564173
6902739,66.9867816666667,-52.4273433333333,19.64000015258788,0.386900007724762,0.271,0.2801,0.006,0.0247,0.0644,0.0019,0.0691,0.0023,0.0382,2016-10-20T00:00:00Z,-1,lovbio107c,8190.017808564173
6902739,66.9867816666667,-52.4273433333333,30.149999618530252,0.386900007724762,0.2706,0.2808,0.0055,0.0257,0.065,0.0018,0.0702,0.0025,0.038,2016-10-20T00:00:00Z,-1,lovbio107c,8190.017808564173
6902739,66.9867816666667,-52.4273433333333,40.30000019073488,0.386900007724762,0.2777,0.2861,0.0058,0.0257,0.0644,0.0017,0.0728,0.0023,0.0393,2016-10-20T00:00:00Z,-1,lovbio107c,8190.017808564173
6902739,66.9867816666667,-52.4273433333333,50.24333318074545,0.386900007724762,0.2686,0.2751,0.0045,0.0255,0.0615,0.0015,0.0699,0.0025,0.0392,2016-10-20T00:00:00Z,-1,lovbio107c,8190.017808564173
6902739,66.9867816666667,-52.4273433333333,75.45000076293945,0.386900007724762,0.205,0.2085,0.0031,0.0194,0.0433,0.0011,0.053900000000000003,0.002,0.0285,2016-10-20T00:00:00Z,-1,lovbio107c,8190.017808564173
6902739,66.9867816666667,-52.4273433333333,100.35000038146973,0.386900007724762,0.213,0.2166,0.0028,0.0204,0.0453,0.0012,0.0561,0.0019,0.0298,2016-10-20T00:00:00Z,-1,lovbio107c,8190.017808564173
6902739,66.9867816666667,-52.4273433333333,126.06666819254566,0.39024583498636867,0.2188,0.2228,0.0032,0.0209,0.0457,0.0012,0.0583,0.0022,0.0299,2016-10-20T00:00:00Z,-1,lovbio107c,8190.017808564173
6902739,66.9867816666667,-52.4273433333333,150,0.27462102472782124,0.2103,0.2139,0.0026,0.0202,0.0442,0.0011,0.0556,0.0022,0.0282,2016-10-20T00:00:00Z,-1,lovbio107c,8190.017808564173
6902739,66.9867816666667,-52.4273433333333,199.520004272461,0.06377280056476592,0.0325,0.0325,0,0.0034,0.0057,4e-4,0.0101,3e-4,0.0044,2016-10-20T00:00:00Z,-1,lovbio107c,8190.017808564173
6902667,60.1486333333333,69.5141166666667,99.855598449707,0.0287999995052814,NA,0.0270324758167887,NA,NA,NA,NA,NA,NA,NA,2016-07-08T00:00:00Z,0,takapm009b,NA
6902667,60.1486333333333,69.5141166666667,79.8545989990234,0.115199998021126,NA,0.0509614859869868,NA,NA,NA,NA,NA,NA,NA,2016-07-08T00:00:00Z,0,takapm009b,NA
6902667,60.1486333333333,69.5141166666667,69.8309020996094,0.280800014734268,NA,0.0658561557816221,NA,NA,NA,NA,NA,NA,NA,2016-07-08T00:00:00Z,0,takapm009b,NA
6902667,60.1486333333333,69.5141166666667,59.8082008361816,0.575999975204468,NA,0.182103074945444,NA,NA,NA,NA,NA,NA,NA,2016-07-08T00:00:00Z,0,takapm009b,NA
6902667,60.1486333333333,69.5141166666667,49.8605995178223,1.08720004558563,NA,0.355253581500896,NA,NA,NA,NA,NA,NA,NA,2016-07-08T00:00:00Z,0,takapm009b,NA
6902667,60.1486333333333,69.5141166666667,39.6538009643555,2.36879992485046,NA,0.894627086198077,NA,NA,NA,NA,NA,NA,NA,2016-07-08T00:00:00Z,0,takapm009b,NA
6902667,60.1486333333333,69.5141166666667,29.8656005859375,2.4695999622345,NA,1.37512388555348,NA,NA,NA,NA,NA,NA,NA,2016-07-08T00:00:00Z,0,takapm009b,NA
6902667,60.1486333333333,69.5141166666667,19.6149005889893,1.94400000572205,NA,1.15075539523072,NA,NA,NA,NA,NA,NA,NA,2016-07-08T00:00:00Z,0,takapm009b,NA
6902667,60.1486333333333,69.5141166666667,9.63700008392334,0.979200005531311,NA,1.05357653291017,NA,NA,NA,NA,NA,NA,NA,2016-07-08T00:00:00Z,0,takapm009b,NA
6902667,60.1486333333333,69.5141166666667,0.354299992322922,0.871200025081635,NA,0.565364303668035,NA,NA,NA,NA,NA,NA,NA,2016-07-08T00:00:00Z,0,takapm009b,NA
4901802,61.0005833333333,69.4973,99.9990005493164,0.0216000005602837,NA,0.0196548624693337,NA,NA,NA,NA,NA,NA,NA,2016-07-09T00:00:00Z,0,takapm013b,NA
4901802,61.0005833333333,69.4973,79.8962020874023,0.0719999969005585,NA,0.0297781310865792,NA,NA,NA,NA,NA,NA,NA,2016-07-09T00:00:00Z,0,takapm013b,NA
4901802,61.0005833333333,69.4973,69.8942031860352,0.244800001382828,NA,0.0371110710764022,NA,NA,NA,NA,NA,NA,NA,2016-07-09T00:00:00Z,0,takapm013b,NA
4901802,61.0005833333333,69.4973,59.92919921875,0.388799995183945,NA,0.126138272939337,NA,NA,NA,NA,NA,NA,NA,2016-07-09T00:00:00Z,0,takapm013b,NA
4901802,61.0005833333333,69.4973,49.9903984069824,0.81360000371933,NA,0.366672024736163,NA,NA,NA,NA,NA,NA,NA,2016-07-09T00:00:00Z,0,takapm013b,NA
4901802,61.0005833333333,69.4973,39.9392013549805,2.08080005645752,NA,0.563049800719165,NA,NA,NA,NA,NA,NA,NA,2016-07-09T00:00:00Z,0,takapm013b,NA
4901802,61.0005833333333,69.4973,29.8960990905762,1.49759995937347,NA,0.902254375865115,NA,NA,NA,NA,NA,NA,NA,2016-07-09T00:00:00Z,0,takapm013b,NA
4901802,61.0005833333333,69.4973,19.9286994934082,1.24559998512268,NA,1.07483804240332,NA,NA,NA,NA,NA,NA,NA,2016-07-09T00:00:00Z,0,takapm013b,NA
4901802,61.0005833333333,69.4973,9.78079986572266,0.554400026798248,NA,0.819188495133819,NA,NA,NA,NA,NA,NA,NA,2016-07-09T00:00:00Z,0,takapm013b,NA
4901802,61.0005833333333,69.4973,0.391200006008148,0.554400026798248,NA,0.434996609174917,NA,NA,NA,NA,NA,NA,NA,2016-07-09T00:00:00Z,0,takapm013b,NA
4901803,60.98615,69.32395,50.0009002685547,0.81360000371933,NA,0.338970919329341,NA,NA,NA,NA,NA,NA,NA,2016-07-09T00:00:00Z,0,takapm005b,NA
4901803,60.98615,69.32395,29.9668006896973,1.11600005626678,NA,1.12514671900524,NA,NA,NA,NA,NA,NA,NA,2016-07-09T00:00:00Z,0,takapm005b,NA
4901803,60.98615,69.32395,9.75539970397949,0.878400027751923,NA,0.771462480600557,NA,NA,NA,NA,NA,NA,NA,2016-07-09T00:00:00Z,0,takapm005b,NA
4901803,60.98615,69.32395,4.9210000038147,0.712800025939941,NA,0.956535683439373,NA,NA,NA,NA,NA,NA,NA,2016-07-09T00:00:00Z,0,takapm005b,NA
4901803,60.98615,69.32395,0.17849999666214,0.712800025939941,NA,0.834210011593932,NA,NA,NA,NA,NA,NA,NA,2016-07-09T00:00:00Z,0,takapm005b,NA
6902668,60.2261,69.33885,60.0637016296387,0.518299996852875,NA,0.179599288177382,NA,NA,NA,NA,NA,NA,NA,2016-07-09T00:00:00Z,0,takapm014b,NA
6902668,60.2261,69.33885,29.5928993225098,2.05130004882812,NA,1.45003313945096,NA,NA,NA,NA,NA,NA,NA,2016-07-09T00:00:00Z,0,takapm014b,NA
6902668,60.2261,69.33885,20.0629997253418,1.46730005741119,NA,1.19720440331436,NA,NA,NA,NA,NA,NA,NA,2016-07-09T00:00:00Z,0,takapm014b,NA
6902668,60.2261,69.33885,9.91580009460449,0.715399980545044,NA,0.780798088061535,NA,NA,NA,NA,NA,NA,NA,2016-07-09T00:00:00Z,0,takapm014b,NA
6902668,60.2261,69.33885,4.20039987564087,0.649699985980988,NA,0.541674192970593,NA,NA,NA,NA,NA,NA,NA,2016-07-09T00:00:00Z,0,takapm014b,NA
