number,lovbio
6902668,takapm014b
6901771,lovbio091d
6901764,lovbio083d
6901765,lovbio084d
6901766,lovbio085d
6901770,lovbio090d
6901773,lovbio093d
6901648,lovbio068d
6901496,lovbio064b
6901767,lovbio086d
6901769,lovbio089d
6901514,lovbio038b
6901519,lovbio029b
6901520,lovbio013b
6901516,lovbio022b
6901517,lovbio023b
6901518,lovbio025c
6901647,lovbio061c
6901484,lovbio040b
6901485,lovbio044b
6901486,lovbio045b
6901646,lovbio059c
6901480,lovbio024c
6901481,lovbio026c
6901482,lovbio027b
6901489,lovbio031c
6901521,lovbio011b
6901522,lovbio012b
6901523,lovbio028b
6901524,lovbio014b
6901526,lovbio021c
6901527,lovbio030b
6901525,lovbio032b
6901689,lovbio082b
6901004,lovbio037c
6901579,lovbio057b
6901574,lovbio043b
6901656,lovbio075b
6901658,lovbio077b
6901032,lovbio001i
6901649,lovbio067c
6901511,lovbio035b
6901653,lovbio063c
6901660,lovbio079b
4901802,takapm013b
6901512,lovbio017b
6901581,lovbio050b
6902667,takapm009b
6901580,lovbio042d
4901803,takapm005b
6901768,lovbio088d
6901515,lovbio020b
